timestamp,cycle,symbol,timeframe,session,decision,confidence,entry,sl,tp1,tp2,lot,rr_ratio,risk_usd,reason,close_time,close_price,result,pnl_usd,pnl_pips,lesson
2026-06-23T08:18:40+00:00,178,EURCHF,15m,Tokyo/London,NO TRADE,0.0,,0.00113,-0.00226,,0.0,2.0,0.0,Day76 Sizer: Confidence 0% < 55% minimum → reject,,,,0.0,0.0,
2026-06-23T08:18:44+00:00,881,XAUUSD,15m,Tokyo/London,NO TRADE,0.0,,19.28102,-38.56204,,0.05,2.0,100.0,WAIT,,,,0.0,0.0,
2026-06-23T08:18:47+00:00,179,EURAUD,15m,Tokyo/London,NO TRADE,0.0,,,,,0.0,0.0,0.0,Signal is NO TRADE,,,,0.0,0.0,
2026-06-23T08:18:51+00:00,882,USDCHF,15m,Tokyo/London,NO TRADE,0.0,,0.00085,-0.0017,,1.4,2.0,100.0,WAIT,,,,0.0,0.0,
2026-06-23T08:19:01+00:00,883,NZDUSD,15m,Tokyo/London,NO TRADE,0.0,,0.00052,-0.00104,,2.0,2.0,100.0,WAIT,,,,0.0,0.0,
2026-06-23T08:19:08+00:00,884,EURGBP,15m,Tokyo/London,NO TRADE,0.0,,0.00052,-0.00104,,1.57,2.0,100.0,WAIT,,,,0.0,0.0,
2026-06-23T08:19:16+00:00,885,EURJPY,15m,Tokyo/London,NO TRADE,0.0,,,,,0.0,0.0,0.0,Signal is NO TRADE,,,,0.0,0.0,
2026-06-23T08:19:23+00:00,886,EURCHF,15m,Tokyo/London,NO TRADE,0.0,,,,,0.0,0.0,0.0,Signal is NO TRADE,,,,0.0,0.0,
2026-06-23T08:19:30+00:00,887,EURAUD,15m,Tokyo/London,NO TRADE,0.0,,,,,0.0,0.0,0.0,Signal is NO TRADE,,,,0.0,0.0,
2026-06-23T08:19:39+00:00,888,EURUSD,15m,Tokyo/London,NO TRADE,0.0,,0.00085,-0.0017,,1.25,2.0,100.0,WAIT,,,,0.0,0.0,
2026-06-23T08:19:49+00:00,889,GBPUSD,15m,Tokyo/London,NO TRADE,0.0,,0.00106,-0.00212,,0.91,2.0,100.0,WAIT,,,,0.0,0.0,
2026-06-23T08:19:59+00:00,890,USDJPY,15m,Tokyo/London,NO TRADE,0.0,,0.14166,-0.28332,,1.1,2.0,100.0,WAIT,,,,0.0,0.0,
2026-06-23T08:20:12+00:00,891,AUDUSD,15m,Tokyo/London,NO TRADE,0.0,,0.00066,-0.00132,,1.43,2.0,100.0,WAIT,,,,0.0,0.0,
2026-06-23T08:20:22+00:00,892,USDCAD,15m,Tokyo/London,NO TRADE,0.0,,0.00139,-0.00278,,0.97,2.0,100.0,WAIT,,,,0.0,0.0,
2026-06-23T08:20:30+00:00,893,XAUUSD,15m,Tokyo/London,NO TRADE,0.0,,19.28102,-38.56204,,0.05,2.0,100.0,WAIT,,,,0.0,0.0,
2026-06-23T08:20:38+00:00,894,USDCHF,15m,Tokyo/London,NO TRADE,0.0,,0.00085,-0.0017,,1.4,2.0,100.0,WAIT,,,,0.0,0.0,
2026-06-23T08:20:49+00:00,895,NZDUSD,15m,Tokyo/London,NO TRADE,0.0,,0.00052,-0.00104,,2.0,2.0,100.0,WAIT,,,,0.0,0.0,
2026-06-23T08:20:57+00:00,896,EURGBP,15m,Tokyo/London,NO TRADE,0.0,,0.00052,-0.00104,,1.57,2.0,100.0,WAIT,,,,0.0,0.0,
2026-06-23T08:21:04+00:00,897,EURJPY,15m,Tokyo/London,NO TRADE,0.0,,,,,0.0,0.0,0.0,Signal is NO TRADE,,,,0.0,0.0,
2026-06-23T08:21:12+00:00,898,EURCHF,15m,Tokyo/London,NO TRADE,0.0,,0.00113,-0.00226,,1.02,2.0,100.0,WAIT,,,,0.0,0.0,
2026-06-23T08:21:31+00:00,899,EURAUD,15m,Tokyo/London,NO TRADE,0.0,,,,,0.0,0.0,0.0,Signal is NO TRADE,,,,0.0,0.0,
2026-06-23T08:21:48+00:00,900,EURUSD,15m,Tokyo/London,NO TRADE,0.0,,0.00087,-0.00174,,1.11,2.0,100.0,WAIT,,,,0.0,0.0,
2026-06-23T08:22:03+00:00,901,GBPUSD,15m,Tokyo/London,NO TRADE,0.0,,0.00106,-0.00212,,0.91,2.0,100.0,WAIT,,,,0.0,0.0,
2026-06-23T08:22:13+00:00,902,USDJPY,15m,Tokyo/London,NO TRADE,0.0,,0.1423,-0.2846,,1.1,2.0,100.0,WAIT,,,,0.0,0.0,
2026-06-23T08:22:23+00:00,903,AUDUSD,15m,Tokyo/London,NO TRADE,0.0,,0.00068,-0.00136,,1.43,2.0,100.0,WAIT,,,,0.0,0.0,
2026-06-23T08:22:34+00:00,904,USDCAD,15m,Tokyo/London,NO TRADE,0.0,,,,,0.0,0.0,0.0,Signal is NO TRADE,,,,0.0,0.0,
2026-06-23T08:22:43+00:00,905,XAUUSD,15m,Tokyo/London,NO TRADE,0.0,,19.28102,-38.56204,,0.05,2.0,100.0,WAIT,,,,0.0,0.0,
2026-06-23T08:22:50+00:00,906,USDCHF,15m,Tokyo/London,NO TRADE,0.0,,0.00087,-0.00174,,1.25,2.0,100.0,WAIT,,,,0.0,0.0,
2026-06-23T08:22:58+00:00,907,NZDUSD,15m,Tokyo/London,NO TRADE,0.0,,0.00052,-0.00104,,2.0,2.0,100.0,WAIT,,,,0.0,0.0,
2026-06-23T08:23:08+00:00,908,EURGBP,15m,Tokyo/London,NO TRADE,0.0,,0.00052,-0.00104,,1.57,2.0,100.0,WAIT,,,,0.0,0.0,
2026-06-23T08:23:15+00:00,909,EURJPY,15m,Tokyo/London,NO TRADE,0.0,,,,,0.0,0.0,0.0,Signal is NO TRADE,,,,0.0,0.0,
2026-06-23T08:23:23+00:00,910,EURCHF,15m,Tokyo/London,NO TRADE,0.0,,0.00113,-0.00226,,1.02,2.0,100.0,WAIT,,,,0.0,0.0,
2026-06-23T08:23:32+00:00,911,EURAUD,15m,Tokyo/London,NO TRADE,0.0,,,,,0.0,0.0,0.0,Signal is NO TRADE,,,,0.0,0.0,
2026-06-23T08:23:43+00:00,912,EURUSD,15m,Tokyo/London,NO TRADE,0.0,,0.00087,-0.00174,,1.11,2.0,100.0,WAIT,,,,0.0,0.0,
2026-06-23T08:23:52+00:00,913,GBPUSD,15m,Tokyo/London,NO TRADE,0.0,,0.00108,-0.00216,,0.91,2.0,100.0,WAIT,,,,0.0,0.0,
2026-06-23T08:24:00+00:00,914,USDJPY,15m,Tokyo/London,NO TRADE,0.0,,0.1437,-0.2874,,1.1,2.0,100.0,WAIT,,,,0.0,0.0,
2026-06-23T08:24:07+00:00,1,EURUSD,15m,Tokyo/London,NO TRADE,0.0,,0.00087,-0.00174,,0.0,2.0,0.0,Day76 Sizer: Confidence 0% < 55% minimum → reject,,,,0.0,0.0,
2026-06-23T08:24:08+00:00,915,AUDUSD,15m,Tokyo/London,NO TRADE,0.0,,0.00068,-0.00136,,1.43,2.0,100.0,WAIT,,,,0.0,0.0,
2026-06-23T08:24:16+00:00,2,GBPUSD,15m,Tokyo/London,NO TRADE,0.0,,0.00108,-0.00216,,0.0,2.0,0.0,Day76 Sizer: Confidence 0% < 55% minimum → reject,,,,0.0,0.0,
2026-06-23T08:24:18+00:00,916,USDCAD,15m,Tokyo/London,NO TRADE,0.0,,0.00139,-0.00278,,0.97,2.0,100.0,WAIT,,,,0.0,0.0,
2026-06-23T08:24:24+00:00,3,USDJPY,15m,Tokyo/London,NO TRADE,0.0,,0.1437,-0.2874,,0.0,2.0,0.0,Day76 Sizer: Confidence 0% < 55% minimum → reject,,,,0.0,0.0,
2026-06-23T08:24:27+00:00,917,XAUUSD,15m,Tokyo/London,NO TRADE,0.0,,19.28102,-38.56204,,0.05,2.0,100.0,WAIT,,,,0.0,0.0,
2026-06-23T08:24:32+00:00,4,AUDUSD,15m,Tokyo/London,NO TRADE,0.0,,0.00068,-0.00136,,0.0,2.0,0.0,Day76 Sizer: Confidence 0% < 55% minimum → reject,,,,0.0,0.0,
2026-06-23T08:24:35+00:00,918,USDCHF,15m,Tokyo/London,NO TRADE,0.0,,0.00087,-0.00174,,1.25,2.0,100.0,WAIT,,,,0.0,0.0,
2026-06-23T08:24:42+00:00,5,USDCAD,15m,Tokyo/London,NO TRADE,0.0,,0.00139,-0.00278,,0.0,2.0,0.0,Day76 Sizer: Confidence 0% < 55% minimum → reject,,,,0.0,0.0,
2026-06-23T08:24:43+00:00,919,NZDUSD,15m,Tokyo/London,NO TRADE,0.0,,0.00054,-0.00108,,2.0,2.0,100.0,WAIT,,,,0.0,0.0,
2026-06-23T08:24:56+00:00,920,EURGBP,15m,Tokyo/London,NO TRADE,0.0,,0.00052,-0.00104,,1.57,2.0,100.0,WAIT,,,,0.0,0.0,
2026-06-23T08:24:57+00:00,6,XAUUSD,15m,Tokyo/London,NO TRADE,0.0,,19.28102,-38.56204,,0.0,2.0,0.0,Day76 Sizer: Confidence 0% < 55% minimum → reject,,,,0.0,0.0,
2026-06-23T08:25:03+00:00,921,EURJPY,15m,Tokyo/London,NO TRADE,0.0,,,,,0.0,0.0,0.0,Signal is NO TRADE,,,,0.0,0.0,
2026-06-23T08:25:06+00:00,7,USDCHF,15m,Tokyo/London,NO TRADE,0.0,,0.00087,-0.00174,,0.0,2.0,0.0,Day76 Sizer: Confidence 0% < 55% minimum → reject,,,,0.0,0.0,
2026-06-23T08:25:15+00:00,922,EURCHF,15m,Tokyo/London,NO TRADE,0.0,,0.00113,-0.00226,,1.02,2.0,100.0,WAIT,,,,0.0,0.0,
2026-06-23T08:25:20+00:00,8,NZDUSD,15m,Tokyo/London,NO TRADE,0.0,,0.00054,-0.00108,,0.0,2.0,0.0,Day76 Sizer: Confidence 0% < 55% minimum → reject,,,,0.0,0.0,
2026-06-23T08:25:24+00:00,923,EURAUD,15m,Tokyo/London,NO TRADE,0.0,,0.00189,-0.00378,,0.81,2.0,100.0,WAIT,,,,0.0,0.0,
2026-06-23T08:25:29+00:00,9,EURGBP,15m,Tokyo/London,NO TRADE,0.0,,0.00052,-0.00104,,0.0,2.0,0.0,Day76 Sizer: Confidence 0% < 55% minimum → reject,,,,0.0,0.0,
2026-06-23T08:25:36+00:00,924,EURUSD,15m,Tokyo/London,NO TRADE,0.0,,0.00087,-0.00174,,1.11,2.0,100.0,WAIT,,,,0.0,0.0,
2026-06-23T08:25:38+00:00,10,EURJPY,15m,Tokyo/London,NO TRADE,0.0,,,,,0.0,0.0,0.0,Signal is NO TRADE,,,,0.0,0.0,
2026-06-23T08:25:45+00:00,925,GBPUSD,15m,Tokyo/London,NO TRADE,0.0,,0.0011,-0.0022,,0.91,2.0,100.0,WAIT,,,,0.0,0.0,
2026-06-23T08:25:46+00:00,11,EURCHF,15m,Tokyo/London,NO TRADE,0.0,,,,,0.0,0.0,0.0,Signal is NO TRADE,,,,0.0,0.0,
2026-06-23T08:25:52+00:00,926,USDJPY,15m,Tokyo/London,NO TRADE,0.0,,0.1437,-0.2874,,1.1,2.0,100.0,WAIT,,,,0.0,0.0,
2026-06-23T08:25:57+00:00,12,EURAUD,15m,Tokyo/London,NO TRADE,0.0,,,,,0.0,0.0,0.0,Signal is NO TRADE,,,,0.0,0.0,
2026-06-23T08:26:00+00:00,927,AUDUSD,15m,Tokyo/London,NO TRADE,0.0,,0.00069,-0.00138,,1.43,2.0,100.0,WAIT,,,,0.0,0.0,
2026-06-23T08:26:04+00:00,13,EURUSD,15m,Tokyo/London,NO TRADE,0.0,,0.00089,-0.00178,,0.0,2.0,0.0,Day76 Sizer: Confidence 0% < 55% minimum → reject,,,,0.0,0.0,
2026-06-23T08:26:10+00:00,928,USDCAD,15m,Tokyo/London,NO TRADE,0.0,,0.00139,-0.00278,,0.97,2.0,100.0,WAIT,,,,0.0,0.0,
2026-06-23T08:26:12+00:00,14,GBPUSD,15m,Tokyo/London,NO TRADE,0.0,,0.0011,-0.0022,,0.0,2.0,0.0,Day76 Sizer: Confidence 0% < 55% minimum → reject,,,,0.0,0.0,
2026-06-23T08:26:17+00:00,929,XAUUSD,15m,Tokyo/London,NO TRADE,0.0,,18.18234,-36.36468,,0.06,2.0,100.0,WAIT,,,,0.0,0.0,
2026-06-23T08:26:20+00:00,15,USDJPY,15m,Tokyo/London,NO TRADE,0.0,,0.1437,-0.2874,,0.0,2.0,0.0,Day76 Sizer: Confidence 0% < 55% minimum → reject,,,,0.0,0.0,
2026-06-23T08:26:26+00:00,930,USDCHF,15m,Tokyo/London,NO TRADE,0.0,,0.00087,-0.00174,,1.25,2.0,100.0,WAIT,,,,0.0,0.0,
2026-06-23T08:26:32+00:00,16,AUDUSD,15m,Tokyo/London,NO TRADE,0.0,,0.00069,-0.00138,,0.0,2.0,0.0,Day76 Sizer: Confidence 0% < 55% minimum → reject,,,,0.0,0.0,
2026-06-23T08:26:40+00:00,931,NZDUSD,15m,Tokyo/London,NO TRADE,0.0,,0.00054,-0.00108,,2.0,2.0,100.0,WAIT,,,,0.0,0.0,
2026-06-23T08:26:41+00:00,17,USDCAD,15m,Tokyo/London,NO TRADE,0.0,,0.00139,-0.00278,,0.0,2.0,0.0,Day76 Sizer: Confidence 0% < 55% minimum → reject,,,,0.0,0.0,
2026-06-23T08:26:50+00:00,932,EURGBP,15m,Tokyo/London,NO TRADE,0.0,,0.00052,-0.00104,,1.57,2.0,100.0,WAIT,,,,0.0,0.0,
2026-06-23T08:26:53+00:00,18,XAUUSD,15m,Tokyo/London,NO TRADE,0.0,,18.18234,-36.36468,,0.0,2.0,0.0,Day76 Sizer: Confidence 0% < 55% minimum → reject,,,,0.0,0.0,
2026-06-23T08:26:59+00:00,933,EURJPY,15m,Tokyo/London,NO TRADE,0.0,,,,,0.0,0.0,0.0,Signal is NO TRADE,,,,0.0,0.0,
2026-06-23T08:27:06+00:00,19,USDCHF,15m,Tokyo/London,NO TRADE,0.0,,0.00087,-0.00174,,0.0,2.0,0.0,Day76 Sizer: Confidence 0% < 55% minimum → reject,,,,0.0,0.0,
2026-06-23T08:27:15+00:00,20,NZDUSD,15m,Tokyo/London,NO TRADE,0.0,,0.00054,-0.00108,,0.0,2.0,0.0,Day76 Sizer: Confidence 0% < 55% minimum → reject,,,,0.0,0.0,
2026-06-23T08:27:16+00:00,934,EURCHF,15m,Tokyo/London,NO TRADE,0.0,,,,,0.0,0.0,0.0,Signal is NO TRADE,,,,0.0,0.0,
2026-06-23T08:27:23+00:00,21,EURGBP,15m,Tokyo/London,NO TRADE,0.0,,0.00052,-0.00104,,0.0,2.0,0.0,Day76 Sizer: Confidence 0% < 55% minimum → reject,,,,0.0,0.0,
2026-06-23T08:27:28+00:00,935,EURAUD,15m,Tokyo/London,NO TRADE,0.0,,0.00191,-0.00382,,0.81,2.0,100.0,WAIT,,,,0.0,0.0,
2026-06-23T08:27:30+00:00,22,EURJPY,15m,Tokyo/London,NO TRADE,0.0,,,,,0.0,0.0,0.0,Signal is NO TRADE,,,,0.0,0.0,
2026-06-23T08:27:37+00:00,936,EURUSD,15m,Tokyo/London,NO TRADE,0.0,,0.00089,-0.00178,,1.11,2.0,100.0,WAIT,,,,0.0,0.0,
2026-06-23T08:27:42+00:00,23,EURCHF,15m,Tokyo/London,NO TRADE,0.0,,0.00114,-0.00228,,0.0,2.0,0.0,Day76 Sizer: Confidence 0% < 55% minimum → reject,,,,0.0,0.0,
2026-06-23T08:27:48+00:00,937,GBPUSD,15m,Tokyo/London,NO TRADE,0.0,,0.00111,-0.00222,,0.91,2.0,100.0,WAIT,,,,0.0,0.0,
2026-06-23T08:27:51+00:00,24,EURAUD,15m,Tokyo/London,NO TRADE,0.0,,0.00191,-0.00382,,0.0,2.0,0.0,Day76 Sizer: Confidence 0% < 55% minimum → reject,,,,0.0,0.0,
2026-06-23T08:27:56+00:00,938,USDJPY,15m,Tokyo/London,NO TRADE,0.0,,0.14466,-0.28932,,1.1,2.0,100.0,WAIT,,,,0.0,0.0,
2026-06-23T08:27:59+00:00,25,EURUSD,15m,Tokyo/London,NO TRADE,0.0,,0.00089,-0.00178,,0.0,2.0,0.0,Day76 Sizer: Confidence 0% < 55% minimum → reject,,,,0.0,0.0,
2026-06-23T08:28:07+00:00,939,AUDUSD,15m,Tokyo/London,NO TRADE,0.0,,0.00069,-0.00138,,1.43,2.0,100.0,WAIT,,,,0.0,0.0,
2026-06-23T08:28:08+00:00,26,GBPUSD,15m,Tokyo/London,NO TRADE,0.0,,0.00111,-0.00222,,0.0,2.0,0.0,Day76 Sizer: Confidence 0% < 55% minimum → reject,,,,0.0,0.0,
2026-06-23T08:28:17+00:00,940,USDCAD,15m,Tokyo/London,NO TRADE,0.0,,,,,0.0,0.0,0.0,Signal is NO TRADE,,,,0.0,0.0,
2026-06-23T08:28:20+00:00,27,USDJPY,15m,Tokyo/London,NO TRADE,0.0,,0.14466,-0.28932,,0.0,2.0,0.0,Day76 Sizer: Confidence 0% < 55% minimum → reject,,,,0.0,0.0,
2026-06-23T08:28:26+00:00,941,XAUUSD,15m,Tokyo/London,NO TRADE,0.0,,18.46092,-36.92184,,0.05,2.0,100.0,WAIT,,,,0.0,0.0,
2026-06-23T08:28:28+00:00,28,AUDUSD,15m,Tokyo/London,NO TRADE,0.0,,0.00069,-0.00138,,0.0,2.0,0.0,Day76 Sizer: Confidence 0% < 55% minimum → reject,,,,0.0,0.0,
2026-06-23T08:28:34+00:00,942,USDCHF,15m,Tokyo/London,NO TRADE,0.0,,0.00087,-0.00174,,1.25,2.0,100.0,WAIT,,,,0.0,0.0,
2026-06-23T08:28:35+00:00,29,USDCAD,15m,Tokyo/London,NO TRADE,0.0,,,,,0.0,0.0,0.0,Signal is NO TRADE,,,,0.0,0.0,
2026-06-23T08:28:46+00:00,943,NZDUSD,15m,Tokyo/London,NO TRADE,0.0,,0.00054,-0.00108,,2.0,2.0,100.0,WAIT,,,,0.0,0.0,
2026-06-23T08:28:47+00:00,30,XAUUSD,15m,Tokyo/London,NO TRADE,0.0,,18.46092,-36.92184,,0.0,2.0,0.0,Day76 Sizer: Confidence 0% < 55% minimum → reject,,,,0.0,0.0,
2026-06-23T08:29:05+00:00,944,EURGBP,15m,Tokyo/London,NO TRADE,0.0,,0.00052,-0.00104,,1.57,2.0,100.0,WAIT,,,,0.0,0.0,
2026-06-23T08:29:05+00:00,31,USDCHF,15m,Tokyo/London,NO TRADE,0.0,,0.00087,-0.00174,,0.0,2.0,0.0,Day76 Sizer: Confidence 0% < 55% minimum → reject,,,,0.0,0.0,
2026-06-23T08:29:13+00:00,945,EURJPY,15m,Tokyo/London,NO TRADE,0.0,,,,,0.0,0.0,0.0,Signal is NO TRADE,,,,0.0,0.0,
2026-06-23T08:29:14+00:00,32,NZDUSD,15m,Tokyo/London,NO TRADE,0.0,,0.00054,-0.00108,,0.0,2.0,0.0,Day76 Sizer: Confidence 0% < 55% minimum → reject,,,,0.0,0.0,
2026-06-23T08:29:23+00:00,33,EURGBP,15m,Tokyo/London,NO TRADE,0.0,,0.00052,-0.00104,,0.0,2.0,0.0,Day76 Sizer: Confidence 0% < 55% minimum → reject,,,,0.0,0.0,
2026-06-23T08:29:26+00:00,946,EURCHF,15m,Tokyo/London,NO TRADE,0.0,,0.00114,-0.00228,,1.02,2.0,100.0,WAIT,,,,0.0,0.0,
2026-06-23T08:29:35+00:00,34,EURJPY,15m,Tokyo/London,NO TRADE,0.0,,,,,0.0,0.0,0.0,Signal is NO TRADE,,,,0.0,0.0,
2026-06-23T08:29:35+00:00,947,EURAUD,15m,Tokyo/London,NO TRADE,0.0,,,,,0.0,0.0,0.0,Signal is NO TRADE,,,,0.0,0.0,
2026-06-23T08:29:44+00:00,35,EURCHF,15m,Tokyo/London,NO TRADE,0.0,,0.00114,-0.00228,,0.0,2.0,0.0,Day76 Sizer: Confidence 0% < 55% minimum → reject,,,,0.0,0.0,
2026-06-23T08:29:46+00:00,948,EURUSD,15m,Tokyo/London,NO TRADE,0.0,,0.00089,-0.00178,,1.11,2.0,100.0,WAIT,,,,0.0,0.0,
2026-06-23T08:29:53+00:00,36,EURAUD,15m,Tokyo/London,NO TRADE,0.0,,0.00191,-0.00382,,0.0,2.0,0.0,Day76 Sizer: Confidence 0% < 55% minimum → reject,,,,0.0,0.0,
2026-06-23T08:29:59+00:00,949,GBPUSD,15m,Tokyo/London,NO TRADE,0.0,,0.00113,-0.00226,,0.91,2.0,100.0,WAIT,,,,0.0,0.0,
2026-06-23T08:39:54+00:00,1,EURUSD,15m,Tokyo/London,NO TRADE,0.0,,0.00087,-0.00174,,0.0,2.0,0.0,Day76 Sizer: Confidence 0% < 55% minimum → reject,,,,0.0,0.0,
2026-06-23T08:40:05+00:00,2,GBPUSD,15m,Tokyo/London,NO TRADE,0.0,,0.00113,-0.00226,,0.0,2.0,0.0,Day76 Sizer: Confidence 0% < 55% minimum → reject,,,,0.0,0.0,
2026-06-23T08:40:16+00:00,3,USDJPY,15m,Tokyo/London,NO TRADE,0.0,,0.14355,-0.2871,,0.0,2.0,0.0,Day76 Sizer: Confidence 0% < 55% minimum → reject,,,,0.0,0.0,
2026-06-23T08:40:29+00:00,4,AUDUSD,15m,Tokyo/London,NO TRADE,0.0,,0.00068,-0.00136,,0.0,2.0,0.0,Day76 Sizer: Confidence 0% < 55% minimum → reject,,,,0.0,0.0,
2026-06-23T08:40:38+00:00,5,USDCAD,15m,Tokyo/London,NO TRADE,0.0,,,,,0.0,0.0,0.0,Signal is NO TRADE,,,,0.0,0.0,
2026-06-23T08:41:24+00:00,6,EURUSD,15m,Tokyo/London,NO TRADE,0.0,,0.00087,-0.00174,,0.0,2.0,0.0,Day76 Sizer: Confidence 0% < 55% minimum → reject,,,,0.0,0.0,
2026-06-23T08:41:35+00:00,7,GBPUSD,15m,Tokyo/London,NO TRADE,0.0,,0.00113,-0.00226,,0.0,2.0,0.0,Day76 Sizer: Confidence 0% < 55% minimum → reject,,,,0.0,0.0,
2026-06-23T08:41:45+00:00,8,USDJPY,15m,Tokyo/London,NO TRADE,0.0,,0.14408,-0.28816,,0.0,2.0,0.0,Day76 Sizer: Confidence 0% < 55% minimum → reject,,,,0.0,0.0,
2026-06-23T08:41:59+00:00,9,AUDUSD,15m,Tokyo/London,NO TRADE,0.0,,0.00068,-0.00136,,0.0,2.0,0.0,Day76 Sizer: Confidence 0% < 55% minimum → reject,,,,0.0,0.0,
2026-06-23T08:42:10+00:00,10,USDCAD,15m,Tokyo/London,NO TRADE,0.0,,,,,0.0,0.0,0.0,Signal is NO TRADE,,,,0.0,0.0,
2026-06-23T09:31:25+00:00,1,EURUSD,15m,London,NO TRADE,0.0,,0.00073,-0.00146,,0.0,2.0,0.0,Day76 Sizer: Confidence 0% < 55% minimum → reject,,,,0.0,0.0,
2026-06-23T09:31:42+00:00,2,GBPUSD,15m,London,NO TRADE,0.0,,,,,0.0,0.0,0.0,Signal is NO TRADE,,,,0.0,0.0,
2026-06-23T09:31:50+00:00,3,USDJPY,15m,London,NO TRADE,0.0,,0.13527,-0.27054,,0.0,2.0,0.0,Day76 Sizer: Confidence 0% < 55% minimum → reject,,,,0.0,0.0,
2026-06-23T09:31:59+00:00,4,AUDUSD,15m,London,NO TRADE,0.0,,0.00063,-0.00126,,0.0,2.0,0.0,Day76 Sizer: Confidence 0% < 55% minimum → reject,,,,0.0,0.0,
2026-06-23T09:32:07+00:00,5,USDCAD,15m,London,NO TRADE,0.0,,0.0013,-0.0026,,0.0,2.0,0.0,Day76 Sizer: Confidence 0% < 55% minimum → reject,,,,0.0,0.0,
2026-06-23T09:32:24+00:00,6,XAUUSD,15m,London,NO TRADE,0.0,,17.57874,-35.15748,,0.0,2.0,0.0,Day76 Sizer: Confidence 0% < 55% minimum → reject,,,,0.0,0.0,
2026-06-23T09:46:05+00:00,1,EURUSD,15m,London,NO TRADE,0.0,,0.00092,-0.00184,,0.0,2.0,0.0,Day76 Sizer: Confidence 0% < 55% minimum → reject,,,,0.0,0.0,
2026-06-23T09:46:13+00:00,2,GBPUSD,15m,London,NO TRADE,0.0,,0.0012,-0.0024,,0.0,2.0,0.0,Day76 Sizer: Confidence 0% < 55% minimum → reject,,,,0.0,0.0,
2026-06-23T09:46:19+00:00,3,USDJPY,15m,London,NO TRADE,0.0,,,,,0.0,0.0,0.0,Signal is NO TRADE,,,,0.0,0.0,
2026-06-23T09:52:15+00:00,1,EURUSD,15m,London,NO TRADE,0.0,,0.00092,-0.00184,,0.0,2.0,0.0,Day76 Sizer: Confidence 0% < 55% minimum → reject,,,,0.0,0.0,
2026-06-23T09:52:53+00:00,2,GBPUSD,15m,London,NO TRADE,0.0,,,,,0.0,0.0,0.0,Signal is NO TRADE,,,,0.0,0.0,
2026-06-23T09:55:19+00:00,1,EURUSD,15m,London,NO TRADE,34.0,,0.00093,-0.00186,,0.0,2.0,0.0,Day76 Sizer: Confidence 34% < 55% minimum → reject,,,,0.0,0.0,
2026-06-23T09:56:13+00:00,2,GBPUSD,15m,London,NO TRADE,34.0,,0.00119,-0.00238,,0.0,2.0,0.0,Day76 Sizer: Confidence 34% < 55% minimum → reject,,,,0.0,0.0,
2026-06-23T09:56:26+00:00,3,USDJPY,15m,London,NO TRADE,34.0,,0.12261,-0.24522,,0.0,2.0,0.0,Day76 Sizer: Confidence 34% < 55% minimum → reject,,,,0.0,0.0,
2026-06-23T09:56:32+00:00,4,AUDUSD,15m,London,NO TRADE,0.0,,,,,0.0,0.0,0.0,Signal is NO TRADE,,,,0.0,0.0,
2026-06-23T09:56:47+00:00,5,USDCAD,15m,London,NO TRADE,0.0,,0.00075,-0.0015,,0.0,2.0,0.0,Day76 Sizer: Confidence 0% < 55% minimum → reject,,,,0.0,0.0,
2026-06-23T09:57:23+00:00,6,XAUUSD,15m,London,NO TRADE,0.0,,,,,0.0,0.0,0.0,Signal is NO TRADE,,,,0.0,0.0,
2026-06-23T09:57:32+00:00,7,USDCHF,15m,London,NO TRADE,34.0,,-0.00084,0.00168,,0.0,2.0,0.0,Day76 Sizer: Confidence 34% < 55% minimum → reject,,,,0.0,0.0,
2026-06-23T09:58:01+00:00,8,NZDUSD,15m,London,NO TRADE,0.0,,,,,0.0,0.0,0.0,Signal is NO TRADE,,,,0.0,0.0,
2026-06-23T09:58:19+00:00,9,EURGBP,15m,London,NO TRADE,28.0,,0.00048,-0.00096,,0.0,2.0,0.0,Day76 Sizer: Confidence 28% < 55% minimum → reject,,,,0.0,0.0,
2026-06-23T09:58:44+00:00,10,EURJPY,15m,London,NO TRADE,34.0,,0.16501,-0.33002,,0.0,2.0,0.0,Day76 Sizer: Confidence 34% < 55% minimum → reject,,,,0.0,0.0,
2026-06-23T09:58:58+00:00,11,EURCHF,15m,London,NO TRADE,0.0,,,,,0.0,0.0,0.0,Signal is NO TRADE,,,,0.0,0.0,
2026-06-23T09:59:15+00:00,12,EURAUD,15m,London,NO TRADE,0.0,,,,,0.0,0.0,0.0,Signal is NO TRADE,,,,0.0,0.0,
2026-06-23T09:59:22+00:00,13,EURUSD,15m,London,NO TRADE,34.0,,0.00095,-0.0019,,0.0,2.0,0.0,Day76 Sizer: Confidence 34% < 55% minimum → reject,,,,0.0,0.0,
2026-06-23T09:59:37+00:00,14,GBPUSD,15m,London,NO TRADE,34.0,,0.00123,-0.00246,,0.0,2.0,0.0,Day76 Sizer: Confidence 34% < 55% minimum → reject,,,,0.0,0.0,
2026-06-23T09:59:44+00:00,15,USDJPY,15m,London,NO TRADE,34.0,,0.12357,-0.24714,,0.0,2.0,0.0,Day76 Sizer: Confidence 34% < 55% minimum → reject,,,,0.0,0.0,
2026-06-23T09:59:53+00:00,16,AUDUSD,15m,London,NO TRADE,0.0,,,,,0.0,0.0,0.0,Signal is NO TRADE,,,,0.0,0.0,
2026-06-23T10:00:01+00:00,17,USDCAD,15m,London,NO TRADE,0.0,,0.00075,-0.0015,,0.0,2.0,0.0,Day76 Sizer: Confidence 0% < 55% minimum → reject,,,,0.0,0.0,
2026-06-23T10:00:12+00:00,18,XAUUSD,15m,London,NO TRADE,0.0,,,,,0.0,0.0,0.0,Signal is NO TRADE,,,,0.0,0.0,
2026-06-23T10:00:20+00:00,19,USDCHF,15m,London,NO TRADE,28.0,,-0.00068,0.00136,,0.0,2.0,0.0,Day76 Sizer: Confidence 28% < 55% minimum → reject,,,,0.0,0.0,
2026-06-23T10:00:31+00:00,20,NZDUSD,15m,London,NO TRADE,0.0,,,,,0.0,0.0,0.0,Signal is NO TRADE,,,,0.0,0.0,
2026-06-23T10:00:38+00:00,21,EURGBP,15m,London,NO TRADE,28.0,,0.00047,-0.00094,,0.0,2.0,0.0,Day76 Sizer: Confidence 28% < 55% minimum → reject,,,,0.0,0.0,
2026-06-23T10:00:46+00:00,22,EURJPY,15m,London,NO TRADE,34.0,,0.15687,-0.31374,,0.0,2.0,0.0,Day76 Sizer: Confidence 34% < 55% minimum → reject,,,,0.0,0.0,
2026-06-23T10:00:52+00:00,23,EURCHF,15m,London,NO TRADE,0.0,,,,,0.0,0.0,0.0,Signal is NO TRADE,,,,0.0,0.0,
2026-06-23T10:01:04+00:00,24,EURAUD,15m,London,NO TRADE,0.0,,,,,0.0,0.0,0.0,Signal is NO TRADE,,,,0.0,0.0,
2026-06-23T10:01:12+00:00,25,EURUSD,15m,London,NO TRADE,34.0,,0.00089,-0.00178,,0.0,2.0,0.0,Day76 Sizer: Confidence 34% < 55% minimum → reject,,,,0.0,0.0,
2026-06-23T10:01:19+00:00,26,GBPUSD,15m,London,NO TRADE,0.0,,,,,0.0,0.0,0.0,Signal is NO TRADE,,,,0.0,0.0,
2026-06-23T10:01:27+00:00,27,USDJPY,15m,London,NO TRADE,34.0,,0.11657,-0.23314,,0.0,2.0,0.0,Day76 Sizer: Confidence 34% < 55% minimum → reject,,,,0.0,0.0,
2026-06-23T10:01:41+00:00,28,AUDUSD,15m,London,NO TRADE,34.0,,-0.00079,0.00158,,0.0,2.0,0.0,Day76 Sizer: Confidence 34% < 55% minimum → reject,,,,0.0,0.0,
2026-06-23T10:01:49+00:00,29,USDCAD,15m,London,NO TRADE,0.0,,0.00072,-0.00144,,0.0,2.0,0.0,Day76 Sizer: Confidence 0% < 55% minimum → reject,,,,0.0,0.0,
2026-06-23T10:02:03+00:00,30,XAUUSD,15m,London,NO TRADE,0.0,,,,,0.0,0.0,0.0,Signal is NO TRADE,,,,0.0,0.0,
2026-06-23T10:02:15+00:00,31,USDCHF,15m,London,NO TRADE,28.0,,-0.00069,0.00138,,0.0,2.0,0.0,Day76 Sizer: Confidence 28% < 55% minimum → reject,,,,0.0,0.0,
2026-06-23T10:02:22+00:00,32,NZDUSD,15m,London,NO TRADE,0.0,,,,,0.0,0.0,0.0,Signal is NO TRADE,,,,0.0,0.0,
2026-06-23T10:02:29+00:00,33,EURGBP,15m,London,NO TRADE,0.0,,,,,0.0,0.0,0.0,Signal is NO TRADE,,,,0.0,0.0,
2026-06-23T10:31:16+00:00,1,EURUSD,15m,London,NO TRADE,34.0,,0.0009,-0.0018,,0.0,2.0,0.0,Day76 Sizer: Confidence 34% < 55% minimum → reject,,,,0.0,0.0,
2026-06-23T10:31:28+00:00,2,GBPUSD,15m,London,NO TRADE,34.0,,0.00126,-0.00252,,0.0,2.0,0.0,Day76 Sizer: Confidence 34% < 55% minimum → reject,,,,0.0,0.0,
2026-06-23T10:31:40+00:00,3,USDJPY,15m,London,NO TRADE,34.0,,0.11936,-0.23872,,0.0,2.0,0.0,Day76 Sizer: Confidence 34% < 55% minimum → reject,,,,0.0,0.0,
2026-06-23T10:31:54+00:00,4,AUDUSD,15m,London,NO TRADE,34.0,,0.00078,-0.00156,,0.0,2.0,0.0,Day76 Sizer: Confidence 34% < 55% minimum → reject,,,,0.0,0.0,
2026-06-23T10:32:07+00:00,5,USDCAD,15m,London,NO TRADE,28.0,,-0.00072,0.00144,,0.0,2.0,0.0,Day76 Sizer: Confidence 28% < 55% minimum → reject,,,,0.0,0.0,
2026-06-23T10:32:31+00:00,6,XAUUSD,15m,London,NO TRADE,0.0,,,,,0.0,0.0,0.0,Signal is NO TRADE,,,,0.0,0.0,
2026-06-23T10:32:43+00:00,7,USDCHF,15m,London,NO TRADE,28.0,,-0.00071,0.00142,,0.0,2.0,0.0,Day76 Sizer: Confidence 28% < 55% minimum → reject,,,,0.0,0.0,
2026-06-23T10:32:54+00:00,8,NZDUSD,15m,London,NO TRADE,0.0,,,,,0.0,0.0,0.0,Signal is NO TRADE,,,,0.0,0.0,
2026-06-23T10:33:00+00:00,9,EURGBP,15m,London,NO TRADE,28.0,,0.00047,-0.00094,,0.0,2.0,0.0,Day76 Sizer: Confidence 28% < 55% minimum → reject,,,,0.0,0.0,
2026-06-23T10:33:08+00:00,10,EURJPY,15m,London,NO TRADE,0.0,,,,,0.0,0.0,0.0,Signal is NO TRADE,,,,0.0,0.0,
2026-06-23T10:33:14+00:00,11,EURCHF,15m,London,NO TRADE,0.0,,,,,0.0,0.0,0.0,Signal is NO TRADE,,,,0.0,0.0,
2026-06-23T10:33:21+00:00,12,EURAUD,15m,London,NO TRADE,0.0,,,,,0.0,0.0,0.0,Signal is NO TRADE,,,,0.0,0.0,
2026-06-23T10:33:26+00:00,13,EURUSD,15m,London,NO TRADE,34.0,,0.0009,-0.0018,,0.0,2.0,0.0,Day76 Sizer: Confidence 34% < 55% minimum → reject,,,,0.0,0.0,
2026-06-23T10:33:32+00:00,14,GBPUSD,15m,London,NO TRADE,34.0,,0.00121,-0.00242,,0.0,2.0,0.0,Day76 Sizer: Confidence 34% < 55% minimum → reject,,,,0.0,0.0,
2026-06-23T10:33:41+00:00,15,USDJPY,15m,London,NO TRADE,34.0,,0.11,-0.22,,0.0,2.0,0.0,Day76 Sizer: Confidence 34% < 55% minimum → reject,,,,0.0,0.0,
2026-06-23T10:33:46+00:00,16,AUDUSD,15m,London,NO TRADE,34.0,,0.00079,-0.00158,,0.0,2.0,0.0,Day76 Sizer: Confidence 34% < 55% minimum → reject,,,,0.0,0.0,
2026-06-23T10:33:52+00:00,17,USDCAD,15m,London,NO TRADE,28.0,,-0.00072,0.00144,,0.0,2.0,0.0,Day76 Sizer: Confidence 28% < 55% minimum → reject,,,,0.0,0.0,
2026-06-23T11:01:48+00:00,1,EURUSD,15m,London,NO TRADE,34.0,,0.00092,-0.00184,,0.0,2.0,0.0,Day76 Sizer: Confidence 34% < 55% minimum → reject,,,,0.0,0.0,
2026-06-23T11:01:53+00:00,2,GBPUSD,15m,London,NO TRADE,0.0,,,,,0.0,0.0,0.0,Signal is NO TRADE,,,,0.0,0.0,
2026-06-23T11:01:59+00:00,3,USDJPY,15m,London,NO TRADE,0.0,,,,,0.0,0.0,0.0,Signal is NO TRADE,,,,0.0,0.0,
2026-06-23T11:02:05+00:00,4,AUDUSD,15m,London,NO TRADE,0.0,,,,,0.0,0.0,0.0,Signal is NO TRADE,,,,0.0,0.0,
2026-06-23T11:02:12+00:00,5,USDCAD,15m,London,NO TRADE,34.0,,-0.00073,0.00146,,0.0,2.0,0.0,Day76 Sizer: Confidence 34% < 55% minimum → reject,,,,0.0,0.0,
2026-06-23T11:02:27+00:00,6,XAUUSD,15m,London,NO TRADE,0.0,,,,,0.0,0.0,0.0,Signal is NO TRADE,,,,0.0,0.0,
2026-06-23T11:02:34+00:00,7,USDCHF,15m,London,NO TRADE,28.0,,-0.00071,0.00142,,0.0,2.0,0.0,Day76 Sizer: Confidence 28% < 55% minimum → reject,,,,0.0,0.0,
2026-06-23T11:02:41+00:00,8,NZDUSD,15m,London,NO TRADE,34.0,,0.00066,-0.00132,,0.0,2.0,0.0,Day76 Sizer: Confidence 34% < 55% minimum → reject,,,,0.0,0.0,
2026-06-23T11:02:47+00:00,9,EURGBP,15m,London,NO TRADE,28.0,,0.00049,-0.00098,,0.0,2.0,0.0,Day76 Sizer: Confidence 28% < 55% minimum → reject,,,,0.0,0.0,
2026-06-23T11:02:54+00:00,10,EURJPY,15m,London,NO TRADE,34.0,,0.15425,-0.3085,,0.0,2.0,0.0,Day76 Sizer: Confidence 34% < 55% minimum → reject,,,,0.0,0.0,
2026-06-23T11:03:03+00:00,11,EURCHF,15m,London,NO TRADE,28.0,,0.00048,-0.00096,,0.0,2.0,0.0,Day76 Sizer: Confidence 28% < 55% minimum → reject,,,,0.0,0.0,
2026-06-23T11:03:08+00:00,12,EURAUD,15m,London,NO TRADE,0.0,,,,,0.0,0.0,0.0,Signal is NO TRADE,,,,0.0,0.0,
2026-06-23T11:03:14+00:00,13,EURUSD,15m,London,NO TRADE,34.0,,0.00092,-0.00184,,0.0,2.0,0.0,Day76 Sizer: Confidence 34% < 55% minimum → reject,,,,0.0,0.0,
2026-06-23T11:03:20+00:00,14,GBPUSD,15m,London,NO TRADE,34.0,,-0.00125,0.0025,,0.0,2.0,0.0,Day76 Sizer: Confidence 34% < 55% minimum → reject,,,,0.0,0.0,
2026-06-23T11:03:26+00:00,15,USDJPY,15m,London,NO TRADE,34.0,,0.10829,-0.21658,,0.0,2.0,0.0,Day76 Sizer: Confidence 34% < 55% minimum → reject,,,,0.0,0.0,
2026-06-23T11:03:36+00:00,16,AUDUSD,15m,London,NO TRADE,34.0,,0.00078,-0.00156,,0.0,2.0,0.0,Day76 Sizer: Confidence 34% < 55% minimum → reject,,,,0.0,0.0,
2026-06-23T11:09:01+00:00,1,EURUSD,15m,London,NO TRADE,34.0,,0.00095,-0.0019,,0.0,2.0,0.0,Day76 Sizer: Confidence 34% < 55% minimum → reject,,,,0.0,0.0,
2026-06-23T11:09:07+00:00,2,GBPUSD,15m,London,NO TRADE,0.0,,,,,0.0,0.0,0.0,Signal is NO TRADE,,,,0.0,0.0,
2026-06-23T11:09:13+00:00,3,USDJPY,15m,London,NO TRADE,34.0,,0.10989,-0.21978,,0.0,2.0,0.0,Day76 Sizer: Confidence 34% < 55% minimum → reject,,,,0.0,0.0,
2026-06-23T11:09:20+00:00,4,AUDUSD,15m,London,NO TRADE,34.0,,0.00079,-0.00158,,0.0,2.0,0.0,Day76 Sizer: Confidence 34% < 55% minimum → reject,,,,0.0,0.0,
2026-06-23T11:09:26+00:00,5,USDCAD,15m,London,NO TRADE,34.0,,-0.00073,0.00146,,0.0,2.0,0.0,Day76 Sizer: Confidence 34% < 55% minimum → reject,,,,0.0,0.0,
2026-06-23T11:09:35+00:00,6,XAUUSD,15m,London,NO TRADE,0.0,,,,,0.0,0.0,0.0,Signal is NO TRADE,,,,0.0,0.0,
2026-06-23T11:09:41+00:00,7,USDCHF,15m,London,NO TRADE,28.0,,-0.00072,0.00144,,0.0,2.0,0.0,Day76 Sizer: Confidence 28% < 55% minimum → reject,,,,0.0,0.0,
2026-06-23T11:09:47+00:00,8,NZDUSD,15m,London,NO TRADE,34.0,,0.00068,-0.00136,,0.0,2.0,0.0,Day76 Sizer: Confidence 34% < 55% minimum → reject,,,,0.0,0.0,
2026-06-23T11:09:53+00:00,9,EURGBP,15m,London,NO TRADE,28.0,,0.00051,-0.00102,,0.0,2.0,0.0,Day76 Sizer: Confidence 28% < 55% minimum → reject,,,,0.0,0.0,
2026-06-23T11:09:59+00:00,10,EURJPY,15m,London,NO TRADE,0.0,,,,,0.0,0.0,0.0,Signal is NO TRADE,,,,0.0,0.0,
2026-06-23T11:10:07+00:00,11,EURCHF,15m,London,NO TRADE,28.0,,0.00051,-0.00102,,0.0,2.0,0.0,Day76 Sizer: Confidence 28% < 55% minimum → reject,,,,0.0,0.0,
2026-06-23T11:10:13+00:00,12,EURAUD,15m,London,NO TRADE,0.0,,,,,0.0,0.0,0.0,Signal is NO TRADE,,,,0.0,0.0,
2026-06-23T11:10:25+00:00,13,EURUSD,15m,London,NO TRADE,34.0,,0.00095,-0.0019,,0.0,2.0,0.0,Day76 Sizer: Confidence 34% < 55% minimum → reject,,,,0.0,0.0,
2026-06-23T11:10:30+00:00,14,GBPUSD,15m,London,NO TRADE,0.0,,,,,0.0,0.0,0.0,Signal is NO TRADE,,,,0.0,0.0,
2026-06-23T11:10:36+00:00,15,USDJPY,15m,London,NO TRADE,34.0,,0.10989,-0.21978,,0.0,2.0,0.0,Day76 Sizer: Confidence 34% < 55% minimum → reject,,,,0.0,0.0,
2026-06-23T11:10:44+00:00,16,AUDUSD,15m,London,NO TRADE,34.0,,0.00079,-0.00158,,0.0,2.0,0.0,Day76 Sizer: Confidence 34% < 55% minimum → reject,,,,0.0,0.0,
2026-06-23T11:10:50+00:00,17,USDCAD,15m,London,NO TRADE,34.0,,-0.00073,0.00146,,0.0,2.0,0.0,Day76 Sizer: Confidence 34% < 55% minimum → reject,,,,0.0,0.0,
2026-06-23T11:10:54+00:00,18,XAUUSD,15m,London,NO TRADE,0.0,,,,,0.0,0.0,0.0,Signal is NO TRADE,,,,0.0,0.0,
2026-06-23T11:11:00+00:00,19,USDCHF,15m,London,NO TRADE,28.0,,-0.00072,0.00144,,0.0,2.0,0.0,Day76 Sizer: Confidence 28% < 55% minimum → reject,,,,0.0,0.0,
2026-06-23T11:11:07+00:00,20,NZDUSD,15m,London,NO TRADE,34.0,,0.00068,-0.00136,,0.0,2.0,0.0,Day76 Sizer: Confidence 34% < 55% minimum → reject,,,,0.0,0.0,
2026-06-23T11:11:13+00:00,21,EURGBP,15m,London,NO TRADE,28.0,,0.00051,-0.00102,,0.0,2.0,0.0,Day76 Sizer: Confidence 28% < 55% minimum → reject,,,,0.0,0.0,
2026-06-23T11:11:20+00:00,22,EURJPY,15m,London,NO TRADE,0.0,,,,,0.0,0.0,0.0,Signal is NO TRADE,,,,0.0,0.0,
2026-06-23T11:11:26+00:00,23,EURCHF,15m,London,NO TRADE,28.0,,0.00051,-0.00102,,0.0,2.0,0.0,Day76 Sizer: Confidence 28% < 55% minimum → reject,,,,0.0,0.0,
2026-06-23T11:11:41+00:00,24,EURAUD,15m,London,NO TRADE,0.0,,,,,0.0,0.0,0.0,Signal is NO TRADE,,,,0.0,0.0,
2026-06-23T11:12:01+00:00,25,EURUSD,15m,London,NO TRADE,34.0,,0.00095,-0.0019,,0.0,2.0,0.0,Day76 Sizer: Confidence 34% < 55% minimum → reject,,,,0.0,0.0,
2026-06-23T11:12:06+00:00,26,GBPUSD,15m,London,NO TRADE,0.0,,,,,0.0,0.0,0.0,Signal is NO TRADE,,,,0.0,0.0,
2026-06-23T11:12:11+00:00,27,USDJPY,15m,London,NO TRADE,0.0,,,,,0.0,0.0,0.0,Signal is NO TRADE,,,,0.0,0.0,
2026-06-23T11:12:17+00:00,28,AUDUSD,15m,London,NO TRADE,34.0,,0.00079,-0.00158,,0.0,2.0,0.0,Day76 Sizer: Confidence 34% < 55% minimum → reject,,,,0.0,0.0,
2026-06-23T11:12:22+00:00,29,USDCAD,15m,London,NO TRADE,34.0,,-0.00073,0.00146,,0.0,2.0,0.0,Day76 Sizer: Confidence 34% < 55% minimum → reject,,,,0.0,0.0,
2026-06-23T11:12:25+00:00,30,XAUUSD,15m,London,NO TRADE,0.0,,,,,0.0,0.0,0.0,Signal is NO TRADE,,,,0.0,0.0,
2026-06-23T11:12:33+00:00,31,USDCHF,15m,London,NO TRADE,28.0,,-0.00073,0.00146,,0.0,2.0,0.0,Day76 Sizer: Confidence 28% < 55% minimum → reject,,,,0.0,0.0,
2026-06-23T11:12:38+00:00,32,NZDUSD,15m,London,NO TRADE,34.0,,0.00068,-0.00136,,0.0,2.0,0.0,Day76 Sizer: Confidence 34% < 55% minimum → reject,,,,0.0,0.0,
2026-06-23T11:12:43+00:00,33,EURGBP,15m,London,NO TRADE,28.0,,0.00051,-0.00102,,0.0,2.0,0.0,Day76 Sizer: Confidence 28% < 55% minimum → reject,,,,0.0,0.0,
2026-06-23T11:12:48+00:00,34,EURJPY,15m,London,NO TRADE,34.0,,0.15499,-0.30998,,0.0,2.0,0.0,Day76 Sizer: Confidence 34% < 55% minimum → reject,,,,0.0,0.0,
2026-06-23T11:12:53+00:00,35,EURCHF,15m,London,NO TRADE,28.0,,0.00052,-0.00104,,0.0,2.0,0.0,Day76 Sizer: Confidence 28% < 55% minimum → reject,,,,0.0,0.0,
2026-06-23T11:12:58+00:00,36,EURAUD,15m,London,NO TRADE,0.0,,,,,0.0,0.0,0.0,Signal is NO TRADE,,,,0.0,0.0,
2026-06-23T11:13:27+00:00,37,EURUSD,15m,London,NO TRADE,34.0,,0.00095,-0.0019,,0.0,2.0,0.0,Day76 Sizer: Confidence 34% < 55% minimum → reject,,,,0.0,0.0,
2026-06-23T11:13:33+00:00,38,GBPUSD,15m,London,NO TRADE,34.0,,-0.00126,0.00252,,0.0,2.0,0.0,Day76 Sizer: Confidence 34% < 55% minimum → reject,,,,0.0,0.0,
2026-06-23T11:13:39+00:00,39,USDJPY,15m,London,NO TRADE,0.0,,,,,0.0,0.0,0.0,Signal is NO TRADE,,,,0.0,0.0,
2026-06-23T11:13:48+00:00,40,AUDUSD,15m,London,NO TRADE,34.0,,0.00079,-0.00158,,0.0,2.0,0.0,Day76 Sizer: Confidence 34% < 55% minimum → reject,,,,0.0,0.0,
2026-06-23T11:13:54+00:00,41,USDCAD,15m,London,NO TRADE,34.0,,-0.00075,0.0015,,0.0,2.0,0.0,Day76 Sizer: Confidence 34% < 55% minimum → reject,,,,0.0,0.0,
2026-06-23T11:14:00+00:00,42,XAUUSD,15m,London,NO TRADE,0.0,,,,,0.0,0.0,0.0,Signal is NO TRADE,,,,0.0,0.0,
2026-06-23T11:14:06+00:00,43,USDCHF,15m,London,NO TRADE,28.0,,-0.00075,0.0015,,0.0,2.0,0.0,Day76 Sizer: Confidence 28% < 55% minimum → reject,,,,0.0,0.0,
2026-06-23T11:14:12+00:00,44,NZDUSD,15m,London,NO TRADE,34.0,,0.00068,-0.00136,,0.0,2.0,0.0,Day76 Sizer: Confidence 34% < 55% minimum → reject,,,,0.0,0.0,
2026-06-23T11:14:18+00:00,45,EURGBP,15m,London,NO TRADE,28.0,,0.00051,-0.00102,,0.0,2.0,0.0,Day76 Sizer: Confidence 28% < 55% minimum → reject,,,,0.0,0.0,
2026-06-23T11:14:24+00:00,46,EURJPY,15m,London,NO TRADE,34.0,,0.15531,-0.31062,,0.0,2.0,0.0,Day76 Sizer: Confidence 34% < 55% minimum → reject,,,,0.0,0.0,
2026-06-23T11:14:33+00:00,47,EURCHF,15m,London,NO TRADE,28.0,,0.00054,-0.00108,,0.0,2.0,0.0,Day76 Sizer: Confidence 28% < 55% minimum → reject,,,,0.0,0.0,
2026-06-23T11:14:38+00:00,48,EURAUD,15m,London,NO TRADE,0.0,,,,,0.0,0.0,0.0,Signal is NO TRADE,,,,0.0,0.0,
2026-06-23T11:14:56+00:00,49,EURUSD,15m,London,NO TRADE,34.0,,0.00095,-0.0019,,0.0,2.0,0.0,Day76 Sizer: Confidence 34% < 55% minimum → reject,,,,0.0,0.0,
2026-06-23T11:15:05+00:00,50,GBPUSD,15m,London,NO TRADE,34.0,,-0.00126,0.00252,,0.0,2.0,0.0,Day76 Sizer: Confidence 34% < 55% minimum → reject,,,,0.0,0.0,
2026-06-23T11:15:11+00:00,51,USDJPY,15m,London,NO TRADE,34.0,,0.103,-0.206,,0.0,2.0,0.0,Day76 Sizer: Confidence 34% < 55% minimum → reject,,,,0.0,0.0,
2026-06-23T11:15:17+00:00,52,AUDUSD,15m,London,NO TRADE,34.0,,0.00075,-0.0015,,0.0,2.0,0.0,Day76 Sizer: Confidence 34% < 55% minimum → reject,,,,0.0,0.0,
2026-06-23T11:15:23+00:00,53,USDCAD,15m,London,NO TRADE,34.0,,-0.00071,0.00142,,0.0,2.0,0.0,Day76 Sizer: Confidence 34% < 55% minimum → reject,,,,0.0,0.0,
2026-06-23T11:15:28+00:00,54,XAUUSD,15m,London,NO TRADE,34.0,,13.99974,-27.99948,,0.0,2.0,0.0,Day76 Sizer: Confidence 34% < 55% minimum → reject,,,,0.0,0.0,
2026-06-23T11:15:37+00:00,55,USDCHF,15m,London,NO TRADE,28.0,,-0.00071,0.00142,,0.0,2.0,0.0,Day76 Sizer: Confidence 28% < 55% minimum → reject,,,,0.0,0.0,
2026-06-23T11:15:43+00:00,56,NZDUSD,15m,London,NO TRADE,34.0,,0.00063,-0.00126,,0.0,2.0,0.0,Day76 Sizer: Confidence 34% < 55% minimum → reject,,,,0.0,0.0,
2026-06-23T11:15:50+00:00,57,EURGBP,15m,London,NO TRADE,28.0,,0.00048,-0.00096,,0.0,2.0,0.0,Day76 Sizer: Confidence 28% < 55% minimum → reject,,,,0.0,0.0,
2026-06-23T11:15:56+00:00,58,EURJPY,15m,London,NO TRADE,34.0,,0.14722,-0.29444,,0.0,2.0,0.0,Day76 Sizer: Confidence 34% < 55% minimum → reject,,,,0.0,0.0,
2026-06-23T11:16:02+00:00,59,EURCHF,15m,London,NO TRADE,28.0,,0.00051,-0.00102,,0.0,2.0,0.0,Day76 Sizer: Confidence 28% < 55% minimum → reject,,,,0.0,0.0,
2026-06-23T11:16:11+00:00,60,EURAUD,15m,London,NO TRADE,34.0,,0.0013,-0.0026,,0.0,2.0,0.0,Day76 Sizer: Confidence 34% < 55% minimum → reject,,,,0.0,0.0,
2026-06-23T11:16:25+00:00,61,EURUSD,15m,London,NO TRADE,34.0,,0.0009,-0.0018,,0.0,2.0,0.0,Day76 Sizer: Confidence 34% < 55% minimum → reject,,,,0.0,0.0,
2026-06-23T11:16:32+00:00,62,GBPUSD,15m,London,NO TRADE,0.0,,,,,0.0,0.0,0.0,Signal is NO TRADE,,,,0.0,0.0,
2026-06-23T11:16:37+00:00,63,USDJPY,15m,London,NO TRADE,0.0,,,,,0.0,0.0,0.0,Signal is NO TRADE,,,,0.0,0.0,
2026-06-23T11:16:45+00:00,64,AUDUSD,15m,London,NO TRADE,0.0,,,,,0.0,0.0,0.0,Signal is NO TRADE,,,,0.0,0.0,
2026-06-23T11:21:57+00:00,1,EURUSD,15m,London,NO TRADE,34.0,,0.00092,-0.00184,,0.0,2.0,0.0,Day76 Sizer: Confidence 34% < 55% minimum → reject,,,,0.0,0.0,
2026-06-23T11:22:03+00:00,2,GBPUSD,15m,London,NO TRADE,0.0,,,,,0.0,0.0,0.0,Signal is NO TRADE,,,,0.0,0.0,
2026-06-23T11:22:10+00:00,3,USDJPY,15m,London,NO TRADE,34.0,,-0.10717,0.21434,,0.0,2.0,0.0,Day76 Sizer: Confidence 34% < 55% minimum → reject,,,,0.0,0.0,
2026-06-23T11:22:17+00:00,4,AUDUSD,15m,London,NO TRADE,34.0,,0.00079,-0.00158,,0.0,2.0,0.0,Day76 Sizer: Confidence 34% < 55% minimum → reject,,,,0.0,0.0,
2026-06-23T11:22:25+00:00,5,USDCAD,15m,London,NO TRADE,28.0,,-0.00075,0.0015,,0.0,2.0,0.0,Day76 Sizer: Confidence 28% < 55% minimum → reject,,,,0.0,0.0,
2026-06-23T11:22:31+00:00,6,XAUUSD,15m,London,NO TRADE,0.0,,,,,0.0,0.0,0.0,Signal is NO TRADE,,,,0.0,0.0,
2026-06-23T11:22:39+00:00,7,USDCHF,15m,London,NO TRADE,28.0,,-0.00075,0.0015,,0.0,2.0,0.0,Day76 Sizer: Confidence 28% < 55% minimum → reject,,,,0.0,0.0,
2026-06-23T11:22:46+00:00,8,NZDUSD,15m,London,NO TRADE,34.0,,0.00068,-0.00136,,0.0,2.0,0.0,Day76 Sizer: Confidence 34% < 55% minimum → reject,,,,0.0,0.0,
2026-06-23T11:22:53+00:00,9,EURGBP,15m,London,NO TRADE,28.0,,0.00049,-0.00098,,0.0,2.0,0.0,Day76 Sizer: Confidence 28% < 55% minimum → reject,,,,0.0,0.0,
2026-06-23T11:23:01+00:00,10,EURJPY,15m,London,NO TRADE,34.0,,0.14947,-0.29894,,0.0,2.0,0.0,Day76 Sizer: Confidence 34% < 55% minimum → reject,,,,0.0,0.0,
2026-06-23T11:23:09+00:00,11,EURCHF,15m,London,NO TRADE,28.0,,0.00052,-0.00104,,0.0,2.0,0.0,Day76 Sizer: Confidence 28% < 55% minimum → reject,,,,0.0,0.0,
2026-06-23T11:23:17+00:00,12,EURAUD,15m,London,NO TRADE,34.0,,0.00135,-0.0027,,0.0,2.0,0.0,Day76 Sizer: Confidence 34% < 55% minimum → reject,,,,0.0,0.0,
2026-06-23T11:23:24+00:00,13,EURUSD,15m,London,NO TRADE,34.0,,0.00092,-0.00184,,0.0,2.0,0.0,Day76 Sizer: Confidence 34% < 55% minimum → reject,,,,0.0,0.0,
2026-06-23T11:23:30+00:00,14,GBPUSD,15m,London,NO TRADE,0.0,,,,,0.0,0.0,0.0,Signal is NO TRADE,,,,0.0,0.0,
2026-06-23T11:23:37+00:00,15,USDJPY,15m,London,NO TRADE,34.0,,-0.1074,0.2148,,0.0,2.0,0.0,Day76 Sizer: Confidence 34% < 55% minimum → reject,,,,0.0,0.0,
2026-06-23T11:23:46+00:00,16,AUDUSD,15m,London,NO TRADE,34.0,,0.00079,-0.00158,,0.0,2.0,0.0,Day76 Sizer: Confidence 34% < 55% minimum → reject,,,,0.0,0.0,
2026-06-23T11:23:54+00:00,17,USDCAD,15m,London,NO TRADE,0.0,,0.00075,-0.0015,,0.0,2.0,0.0,Day76 Sizer: Confidence 0% < 55% minimum → reject,,,,0.0,0.0,
2026-06-23T11:23:58+00:00,18,XAUUSD,15m,London,NO TRADE,34.0,,14.68545,-29.3709,,0.0,2.0,0.0,Day76 Sizer: Confidence 34% < 55% minimum → reject,,,,0.0,0.0,
2026-06-23T11:24:04+00:00,19,USDCHF,15m,London,NO TRADE,28.0,,-0.00075,0.0015,,0.0,2.0,0.0,Day76 Sizer: Confidence 28% < 55% minimum → reject,,,,0.0,0.0,
2026-06-23T11:24:11+00:00,20,NZDUSD,15m,London,NO TRADE,34.0,,0.00068,-0.00136,,0.0,2.0,0.0,Day76 Sizer: Confidence 34% < 55% minimum → reject,,,,0.0,0.0,
2026-06-23T11:24:21+00:00,21,EURGBP,15m,London,NO TRADE,28.0,,0.00049,-0.00098,,0.0,2.0,0.0,Day76 Sizer: Confidence 28% < 55% minimum → reject,,,,0.0,0.0,
2026-06-23T11:24:28+00:00,22,EURJPY,15m,London,NO TRADE,34.0,,0.14947,-0.29894,,0.0,2.0,0.0,Day76 Sizer: Confidence 34% < 55% minimum → reject,,,,0.0,0.0,
2026-06-23T11:24:34+00:00,23,EURCHF,15m,London,NO TRADE,28.0,,0.00052,-0.00104,,0.0,2.0,0.0,Day76 Sizer: Confidence 28% < 55% minimum → reject,,,,0.0,0.0,
2026-06-23T11:24:41+00:00,24,EURAUD,15m,London,NO TRADE,34.0,,0.00135,-0.0027,,0.0,2.0,0.0,Day76 Sizer: Confidence 34% < 55% minimum → reject,,,,0.0,0.0,
2026-06-23T11:24:56+00:00,25,EURUSD,15m,London,NO TRADE,34.0,,0.00093,-0.00186,,0.0,2.0,0.0,Day76 Sizer: Confidence 34% < 55% minimum → reject,,,,0.0,0.0,
2026-06-23T11:25:02+00:00,26,GBPUSD,15m,London,NO TRADE,0.0,,,,,0.0,0.0,0.0,Signal is NO TRADE,,,,0.0,0.0,
2026-06-23T11:25:08+00:00,27,USDJPY,15m,London,NO TRADE,0.0,,,,,0.0,0.0,0.0,Signal is NO TRADE,,,,0.0,0.0,
2026-06-23T11:25:15+00:00,28,AUDUSD,15m,London,NO TRADE,34.0,,0.00079,-0.00158,,0.0,2.0,0.0,Day76 Sizer: Confidence 34% < 55% minimum → reject,,,,0.0,0.0,
2026-06-23T11:25:22+00:00,29,USDCAD,15m,London,NO TRADE,28.0,,-0.00075,0.0015,,0.0,2.0,0.0,Day76 Sizer: Confidence 28% < 55% minimum → reject,,,,0.0,0.0,
2026-06-23T11:25:27+00:00,30,XAUUSD,15m,London,NO TRADE,34.0,,14.68545,-29.3709,,0.0,2.0,0.0,Day76 Sizer: Confidence 34% < 55% minimum → reject,,,,0.0,0.0,
2026-06-23T11:25:34+00:00,31,USDCHF,15m,London,NO TRADE,28.0,,-0.00075,0.0015,,0.0,2.0,0.0,Day76 Sizer: Confidence 28% < 55% minimum → reject,,,,0.0,0.0,
2026-06-23T11:25:42+00:00,32,NZDUSD,15m,London,NO TRADE,34.0,,0.00068,-0.00136,,0.0,2.0,0.0,Day76 Sizer: Confidence 34% < 55% minimum → reject,,,,0.0,0.0,
2026-06-23T11:25:51+00:00,33,EURGBP,15m,London,NO TRADE,0.0,,,,,0.0,0.0,0.0,Signal is NO TRADE,,,,0.0,0.0,
2026-06-23T11:25:59+00:00,34,EURJPY,15m,London,NO TRADE,34.0,,0.14947,-0.29894,,0.0,2.0,0.0,Day76 Sizer: Confidence 34% < 55% minimum → reject,,,,0.0,0.0,
2026-06-23T11:26:17+00:00,35,EURCHF,15m,London,NO TRADE,28.0,,0.00052,-0.00104,,0.0,2.0,0.0,Day76 Sizer: Confidence 28% < 55% minimum → reject,,,,0.0,0.0,
2026-06-23T11:26:27+00:00,36,EURAUD,15m,London,NO TRADE,34.0,,0.00135,-0.0027,,0.0,2.0,0.0,Day76 Sizer: Confidence 34% < 55% minimum → reject,,,,0.0,0.0,
2026-06-23T11:26:34+00:00,37,EURUSD,15m,London,NO TRADE,34.0,,0.00093,-0.00186,,0.0,2.0,0.0,Day76 Sizer: Confidence 34% < 55% minimum → reject,,,,0.0,0.0,
2026-06-23T11:26:45+00:00,38,GBPUSD,15m,London,NO TRADE,0.0,,,,,0.0,0.0,0.0,Signal is NO TRADE,,,,0.0,0.0,
2026-06-23T11:26:52+00:00,39,USDJPY,15m,London,NO TRADE,0.0,,,,,0.0,0.0,0.0,Signal is NO TRADE,,,,0.0,0.0,
2026-06-23T11:27:00+00:00,40,AUDUSD,15m,London,NO TRADE,34.0,,0.00079,-0.00158,,0.0,2.0,0.0,Day76 Sizer: Confidence 34% < 55% minimum → reject,,,,0.0,0.0,
2026-06-23T11:27:07+00:00,41,USDCAD,15m,London,NO TRADE,28.0,,-0.00075,0.0015,,0.0,2.0,0.0,Day76 Sizer: Confidence 28% < 55% minimum → reject,,,,0.0,0.0,
2026-06-23T11:27:12+00:00,42,XAUUSD,15m,London,NO TRADE,34.0,,14.68545,-29.3709,,0.0,2.0,0.0,Day76 Sizer: Confidence 34% < 55% minimum → reject,,,,0.0,0.0,
2026-06-23T11:27:19+00:00,43,USDCHF,15m,London,NO TRADE,28.0,,-0.00075,0.0015,,0.0,2.0,0.0,Day76 Sizer: Confidence 28% < 55% minimum → reject,,,,0.0,0.0,
2026-06-23T11:27:26+00:00,44,NZDUSD,15m,London,NO TRADE,34.0,,0.00068,-0.00136,,0.0,2.0,0.0,Day76 Sizer: Confidence 34% < 55% minimum → reject,,,,0.0,0.0,
2026-06-23T11:27:32+00:00,45,EURGBP,15m,London,NO TRADE,0.0,,,,,0.0,0.0,0.0,Signal is NO TRADE,,,,0.0,0.0,
2026-06-23T11:27:39+00:00,46,EURJPY,15m,London,NO TRADE,34.0,,0.14947,-0.29894,,0.0,2.0,0.0,Day76 Sizer: Confidence 34% < 55% minimum → reject,,,,0.0,0.0,
2026-06-23T11:27:46+00:00,47,EURCHF,15m,London,NO TRADE,28.0,,0.00052,-0.00104,,0.0,2.0,0.0,Day76 Sizer: Confidence 28% < 55% minimum → reject,,,,0.0,0.0,
2026-06-23T11:27:53+00:00,48,EURAUD,15m,London,NO TRADE,34.0,,0.00135,-0.0027,,0.0,2.0,0.0,Day76 Sizer: Confidence 34% < 55% minimum → reject,,,,0.0,0.0,
2026-06-23T11:28:04+00:00,49,EURUSD,15m,London,NO TRADE,34.0,,0.00093,-0.00186,,0.0,2.0,0.0,Day76 Sizer: Confidence 34% < 55% minimum → reject,,,,0.0,0.0,
2026-06-23T11:28:10+00:00,50,GBPUSD,15m,London,NO TRADE,0.0,,,,,0.0,0.0,0.0,Signal is NO TRADE,,,,0.0,0.0,
2026-06-23T11:28:17+00:00,51,USDJPY,15m,London,NO TRADE,0.0,,,,,0.0,0.0,0.0,Signal is NO TRADE,,,,0.0,0.0,
2026-06-23T11:28:24+00:00,52,AUDUSD,15m,London,NO TRADE,34.0,,0.00079,-0.00158,,0.0,2.0,0.0,Day76 Sizer: Confidence 34% < 55% minimum → reject,,,,0.0,0.0,
2026-06-23T11:28:31+00:00,53,USDCAD,15m,London,NO TRADE,28.0,,-0.00075,0.0015,,0.0,2.0,0.0,Day76 Sizer: Confidence 28% < 55% minimum → reject,,,,0.0,0.0,
2026-06-23T11:28:36+00:00,54,XAUUSD,15m,London,NO TRADE,34.0,,14.68545,-29.3709,,0.0,2.0,0.0,Day76 Sizer: Confidence 34% < 55% minimum → reject,,,,0.0,0.0,
2026-06-23T11:28:43+00:00,55,USDCHF,15m,London,NO TRADE,28.0,,-0.00075,0.0015,,0.0,2.0,0.0,Day76 Sizer: Confidence 28% < 55% minimum → reject,,,,0.0,0.0,
2026-06-23T11:28:50+00:00,56,NZDUSD,15m,London,NO TRADE,34.0,,0.00068,-0.00136,,0.0,2.0,0.0,Day76 Sizer: Confidence 34% < 55% minimum → reject,,,,0.0,0.0,
2026-06-23T11:28:57+00:00,57,EURGBP,15m,London,NO TRADE,28.0,,0.00049,-0.00098,,0.0,2.0,0.0,Day76 Sizer: Confidence 28% < 55% minimum → reject,,,,0.0,0.0,
2026-06-23T11:29:03+00:00,58,EURJPY,15m,London,NO TRADE,0.0,,,,,0.0,0.0,0.0,Signal is NO TRADE,,,,0.0,0.0,
2026-06-23T11:29:10+00:00,59,EURCHF,15m,London,NO TRADE,28.0,,0.00054,-0.00108,,0.0,2.0,0.0,Day76 Sizer: Confidence 28% < 55% minimum → reject,,,,0.0,0.0,
2026-06-23T11:29:18+00:00,60,EURAUD,15m,London,NO TRADE,34.0,,0.00135,-0.0027,,0.0,2.0,0.0,Day76 Sizer: Confidence 34% < 55% minimum → reject,,,,0.0,0.0,
2026-06-23T11:29:35+00:00,61,EURUSD,15m,London,NO TRADE,34.0,,0.00095,-0.0019,,0.0,2.0,0.0,Day76 Sizer: Confidence 34% < 55% minimum → reject,,,,0.0,0.0,
2026-06-23T11:29:42+00:00,62,GBPUSD,15m,London,NO TRADE,0.0,,,,,0.0,0.0,0.0,Signal is NO TRADE,,,,0.0,0.0,
2026-06-23T11:29:47+00:00,63,USDJPY,15m,London,NO TRADE,0.0,,,,,0.0,0.0,0.0,Signal is NO TRADE,,,,0.0,0.0,
2026-06-23T11:29:55+00:00,64,AUDUSD,15m,London,NO TRADE,34.0,,0.00081,-0.00162,,0.0,2.0,0.0,Day76 Sizer: Confidence 34% < 55% minimum → reject,,,,0.0,0.0,
2026-06-23T11:30:01+00:00,65,USDCAD,15m,London,NO TRADE,28.0,,-0.00075,0.0015,,0.0,2.0,0.0,Day76 Sizer: Confidence 28% < 55% minimum → reject,,,,0.0,0.0,
2026-06-23T11:30:06+00:00,66,XAUUSD,15m,London,NO TRADE,34.0,,13.72113,-27.44226,,0.0,2.0,0.0,Day76 Sizer: Confidence 34% < 55% minimum → reject,,,,0.0,0.0,
2026-06-23T11:30:13+00:00,67,USDCHF,15m,London,NO TRADE,28.0,,-0.00071,0.00142,,0.0,2.0,0.0,Day76 Sizer: Confidence 28% < 55% minimum → reject,,,,0.0,0.0,
2026-06-23T11:30:20+00:00,68,NZDUSD,15m,London,NO TRADE,34.0,,0.00064,-0.00128,,0.0,2.0,0.0,Day76 Sizer: Confidence 34% < 55% minimum → reject,,,,0.0,0.0,
2026-06-23T11:30:27+00:00,69,EURGBP,15m,London,NO TRADE,30.0,,0.00047,-0.00094,,0.0,2.0,0.0,Day76 Sizer: Confidence 30% < 55% minimum → reject,,,,0.0,0.0,
2026-06-23T11:30:34+00:00,70,EURJPY,15m,London,NO TRADE,34.0,,0.14196,-0.28392,,0.0,2.0,0.0,Day76 Sizer: Confidence 34% < 55% minimum → reject,,,,0.0,0.0,
2026-06-23T11:30:40+00:00,71,EURCHF,15m,London,NO TRADE,34.0,,0.00051,-0.00102,,0.0,2.0,0.0,Day76 Sizer: Confidence 34% < 55% minimum → reject,,,,0.0,0.0,
2026-06-23T11:30:47+00:00,72,EURAUD,15m,London,NO TRADE,34.0,,0.00127,-0.00254,,0.0,2.0,0.0,Day76 Sizer: Confidence 34% < 55% minimum → reject,,,,0.0,0.0,
2026-06-23T11:31:04+00:00,73,EURUSD,15m,London,NO TRADE,34.0,,0.0009,-0.0018,,0.0,2.0,0.0,Day76 Sizer: Confidence 34% < 55% minimum → reject,,,,0.0,0.0,
2026-06-23T11:31:10+00:00,74,GBPUSD,15m,London,NO TRADE,0.0,,,,,0.0,0.0,0.0,Signal is NO TRADE,,,,0.0,0.0,
2026-06-23T11:31:15+00:00,75,USDJPY,15m,London,NO TRADE,0.0,,,,,0.0,0.0,0.0,Signal is NO TRADE,,,,0.0,0.0,
2026-06-23T11:31:21+00:00,76,AUDUSD,15m,London,NO TRADE,34.0,,0.00077,-0.00154,,0.0,2.0,0.0,Day76 Sizer: Confidence 34% < 55% minimum → reject,,,,0.0,0.0,
2026-06-23T11:31:25+00:00,77,USDCAD,15m,London,NO TRADE,28.0,,-0.00071,0.00142,,0.0,2.0,0.0,Day76 Sizer: Confidence 28% < 55% minimum → reject,,,,0.0,0.0,
2026-06-23T11:31:39+00:00,78,XAUUSD,15m,London,NO TRADE,34.0,,13.80898,-27.61796,,0.0,2.0,0.0,Day76 Sizer: Confidence 34% < 55% minimum → reject,,,,0.0,0.0,
2026-06-23T11:31:52+00:00,79,USDCHF,15m,London,NO TRADE,28.0,,-0.00072,0.00144,,0.0,2.0,0.0,Day76 Sizer: Confidence 28% < 55% minimum → reject,,,,0.0,0.0,
2026-06-23T11:32:02+00:00,80,NZDUSD,15m,London,NO TRADE,34.0,,0.00064,-0.00128,,0.0,2.0,0.0,Day76 Sizer: Confidence 34% < 55% minimum → reject,,,,0.0,0.0,
2026-06-23T11:32:13+00:00,81,EURGBP,15m,London,NO TRADE,30.0,,0.00047,-0.00094,,0.0,2.0,0.0,Day76 Sizer: Confidence 30% < 55% minimum → reject,,,,0.0,0.0,
2026-06-23T11:32:19+00:00,82,EURJPY,15m,London,NO TRADE,0.0,,,,,0.0,0.0,0.0,Signal is NO TRADE,,,,0.0,0.0,
2026-06-23T11:32:25+00:00,83,EURCHF,15m,London,NO TRADE,34.0,,0.00051,-0.00102,,0.0,2.0,0.0,Day76 Sizer: Confidence 34% < 55% minimum → reject,,,,0.0,0.0,
2026-06-23T11:32:32+00:00,84,EURAUD,15m,London,NO TRADE,34.0,,0.0013,-0.0026,,0.0,2.0,0.0,Day76 Sizer: Confidence 34% < 55% minimum → reject,,,,0.0,0.0,
2026-06-23T11:32:38+00:00,85,EURUSD,15m,London,NO TRADE,34.0,,0.00093,-0.00186,,0.0,2.0,0.0,Day76 Sizer: Confidence 34% < 55% minimum → reject,,,,0.0,0.0,
2026-06-23T11:32:44+00:00,86,GBPUSD,15m,London,NO TRADE,0.0,,,,,0.0,0.0,0.0,Signal is NO TRADE,,,,0.0,0.0,
2026-06-23T11:32:51+00:00,87,USDJPY,15m,London,NO TRADE,0.0,,0.10381,-0.20762,,0.0,2.0,0.0,Day76 Sizer: Confidence 0% < 55% minimum → reject,,,,0.0,0.0,
2026-06-23T11:32:57+00:00,88,AUDUSD,15m,London,NO TRADE,34.0,,0.00077,-0.00154,,0.0,2.0,0.0,Day76 Sizer: Confidence 34% < 55% minimum → reject,,,,0.0,0.0,
2026-06-23T11:33:04+00:00,89,USDCAD,15m,London,NO TRADE,28.0,,-0.00071,0.00142,,0.0,2.0,0.0,Day76 Sizer: Confidence 28% < 55% minimum → reject,,,,0.0,0.0,
2026-06-23T11:33:08+00:00,90,XAUUSD,15m,London,NO TRADE,34.0,,14.03613,-28.07226,,0.0,2.0,0.0,Day76 Sizer: Confidence 34% < 55% minimum → reject,,,,0.0,0.0,
2026-06-23T11:33:15+00:00,91,USDCHF,15m,London,NO TRADE,28.0,,-0.00072,0.00144,,0.0,2.0,0.0,Day76 Sizer: Confidence 28% < 55% minimum → reject,,,,0.0,0.0,
2026-06-23T11:33:21+00:00,92,NZDUSD,15m,London,NO TRADE,34.0,,0.00064,-0.00128,,0.0,2.0,0.0,Day76 Sizer: Confidence 34% < 55% minimum → reject,,,,0.0,0.0,
2026-06-23T11:33:28+00:00,93,EURGBP,15m,London,NO TRADE,30.0,,0.00047,-0.00094,,0.0,2.0,0.0,Day76 Sizer: Confidence 30% < 55% minimum → reject,,,,0.0,0.0,
2026-06-23T11:33:34+00:00,94,EURJPY,15m,London,NO TRADE,0.0,,,,,0.0,0.0,0.0,Signal is NO TRADE,,,,0.0,0.0,
2026-06-23T11:33:40+00:00,95,EURCHF,15m,London,NO TRADE,34.0,,0.00051,-0.00102,,0.0,2.0,0.0,Day76 Sizer: Confidence 34% < 55% minimum → reject,,,,0.0,0.0,
2026-06-23T11:33:47+00:00,96,EURAUD,15m,London,NO TRADE,34.0,,0.0013,-0.0026,,0.0,2.0,0.0,Day76 Sizer: Confidence 34% < 55% minimum → reject,,,,0.0,0.0,
2026-06-23T11:34:09+00:00,97,EURUSD,15m,London,NO TRADE,34.0,,0.00093,-0.00186,,0.0,2.0,0.0,Day76 Sizer: Confidence 34% < 55% minimum → reject,,,,0.0,0.0,
2026-06-23T11:34:21+00:00,98,GBPUSD,15m,London,NO TRADE,0.0,,,,,0.0,0.0,0.0,Signal is NO TRADE,,,,0.0,0.0,
2026-06-23T11:34:28+00:00,99,USDJPY,15m,London,NO TRADE,0.0,,,,,0.0,0.0,0.0,Signal is NO TRADE,,,,0.0,0.0,
2026-06-23T11:34:34+00:00,100,AUDUSD,15m,London,NO TRADE,34.0,,0.00077,-0.00154,,0.0,2.0,0.0,Day76 Sizer: Confidence 34% < 55% minimum → reject,,,,0.0,0.0,
2026-06-23T11:34:50+00:00,101,USDCAD,15m,London,NO TRADE,28.0,,-0.00072,0.00144,,0.0,2.0,0.0,Day76 Sizer: Confidence 28% < 55% minimum → reject,,,,0.0,0.0,
2026-06-23T11:34:53+00:00,102,XAUUSD,15m,London,NO TRADE,0.0,,,,,0.0,0.0,0.0,Signal is NO TRADE,,,,0.0,0.0,
2026-06-23T11:34:59+00:00,103,USDCHF,15m,London,NO TRADE,28.0,,-0.00072,0.00144,,0.0,2.0,0.0,Day76 Sizer: Confidence 28% < 55% minimum → reject,,,,0.0,0.0,
2026-06-23T11:35:06+00:00,104,NZDUSD,15m,London,NO TRADE,34.0,,0.00064,-0.00128,,0.0,2.0,0.0,Day76 Sizer: Confidence 34% < 55% minimum → reject,,,,0.0,0.0,
2026-06-23T11:35:12+00:00,105,EURGBP,15m,London,NO TRADE,30.0,,0.00047,-0.00094,,0.0,2.0,0.0,Day76 Sizer: Confidence 30% < 55% minimum → reject,,,,0.0,0.0,
2026-06-23T11:35:18+00:00,106,EURJPY,15m,London,NO TRADE,0.0,,,,,0.0,0.0,0.0,Signal is NO TRADE,,,,0.0,0.0,
2026-06-23T11:35:24+00:00,107,EURCHF,15m,London,NO TRADE,34.0,,0.00051,-0.00102,,0.0,2.0,0.0,Day76 Sizer: Confidence 34% < 55% minimum → reject,,,,0.0,0.0,
2026-06-23T11:35:30+00:00,108,EURAUD,15m,London,NO TRADE,34.0,,0.0013,-0.0026,,0.0,2.0,0.0,Day76 Sizer: Confidence 34% < 55% minimum → reject,,,,0.0,0.0,
2026-06-23T11:35:38+00:00,109,EURUSD,15m,London,NO TRADE,34.0,,0.00093,-0.00186,,0.0,2.0,0.0,Day76 Sizer: Confidence 34% < 55% minimum → reject,,,,0.0,0.0,
2026-06-23T11:35:45+00:00,110,GBPUSD,15m,London,NO TRADE,0.0,,,,,0.0,0.0,0.0,Signal is NO TRADE,,,,0.0,0.0,
2026-06-23T11:35:50+00:00,111,USDJPY,15m,London,NO TRADE,0.0,,,,,0.0,0.0,0.0,Signal is NO TRADE,,,,0.0,0.0,
2026-06-23T11:35:57+00:00,112,AUDUSD,15m,London,NO TRADE,34.0,,0.00078,-0.00156,,0.0,2.0,0.0,Day76 Sizer: Confidence 34% < 55% minimum → reject,,,,0.0,0.0,
2026-06-23T11:36:03+00:00,113,USDCAD,15m,London,NO TRADE,28.0,,-0.00073,0.00146,,0.0,2.0,0.0,Day76 Sizer: Confidence 28% < 55% minimum → reject,,,,0.0,0.0,
2026-06-23T11:36:07+00:00,114,XAUUSD,15m,London,NO TRADE,0.0,,,,,0.0,0.0,0.0,Signal is NO TRADE,,,,0.0,0.0,
2026-06-23T11:36:13+00:00,115,USDCHF,15m,London,NO TRADE,28.0,,-0.00072,0.00144,,0.0,2.0,0.0,Day76 Sizer: Confidence 28% < 55% minimum → reject,,,,0.0,0.0,
2026-06-23T11:36:20+00:00,116,NZDUSD,15m,London,NO TRADE,34.0,,0.00064,-0.00128,,0.0,2.0,0.0,Day76 Sizer: Confidence 34% < 55% minimum → reject,,,,0.0,0.0,
2026-06-23T11:36:26+00:00,117,EURGBP,15m,London,NO TRADE,30.0,,0.00047,-0.00094,,0.0,2.0,0.0,Day76 Sizer: Confidence 30% < 55% minimum → reject,,,,0.0,0.0,
2026-06-23T11:36:32+00:00,118,EURJPY,15m,London,NO TRADE,0.0,,,,,0.0,0.0,0.0,Signal is NO TRADE,,,,0.0,0.0,
2026-06-23T11:36:39+00:00,119,EURCHF,15m,London,NO TRADE,34.0,,0.00051,-0.00102,,0.0,2.0,0.0,Day76 Sizer: Confidence 34% < 55% minimum → reject,,,,0.0,0.0,
2026-06-23T11:36:50+00:00,120,EURAUD,15m,London,NO TRADE,34.0,,0.0013,-0.0026,,0.0,2.0,0.0,Day76 Sizer: Confidence 34% < 55% minimum → reject,,,,0.0,0.0,
2026-06-23T11:37:09+00:00,121,EURUSD,15m,London,NO TRADE,34.0,,0.00093,-0.00186,,0.0,2.0,0.0,Day76 Sizer: Confidence 34% < 55% minimum → reject,,,,0.0,0.0,
2026-06-23T11:37:15+00:00,122,GBPUSD,15m,London,NO TRADE,0.0,,,,,0.0,0.0,0.0,Signal is NO TRADE,,,,0.0,0.0,
2026-06-23T11:37:21+00:00,123,USDJPY,15m,London,NO TRADE,0.0,,,,,0.0,0.0,0.0,Signal is NO TRADE,,,,0.0,0.0,
2026-06-23T11:37:27+00:00,124,AUDUSD,15m,London,NO TRADE,34.0,,0.00078,-0.00156,,0.0,2.0,0.0,Day76 Sizer: Confidence 34% < 55% minimum → reject,,,,0.0,0.0,
2026-06-23T11:37:35+00:00,125,USDCAD,15m,London,NO TRADE,28.0,,-0.00073,0.00146,,0.0,2.0,0.0,Day76 Sizer: Confidence 28% < 55% minimum → reject,,,,0.0,0.0,
2026-06-23T11:37:38+00:00,126,XAUUSD,15m,London,NO TRADE,34.0,,14.54721,-29.09442,,0.0,2.0,0.0,Day76 Sizer: Confidence 34% < 55% minimum → reject,,,,0.0,0.0,
2026-06-23T11:37:45+00:00,127,USDCHF,15m,London,NO TRADE,28.0,,-0.00073,0.00146,,0.0,2.0,0.0,Day76 Sizer: Confidence 28% < 55% minimum → reject,,,,0.0,0.0,
2026-06-23T11:37:52+00:00,128,NZDUSD,15m,London,NO TRADE,34.0,,0.00066,-0.00132,,0.0,2.0,0.0,Day76 Sizer: Confidence 34% < 55% minimum → reject,,,,0.0,0.0,
2026-06-23T11:37:59+00:00,129,EURGBP,15m,London,NO TRADE,30.0,,0.00047,-0.00094,,0.0,2.0,0.0,Day76 Sizer: Confidence 30% < 55% minimum → reject,,,,0.0,0.0,
2026-06-23T11:57:03+00:00,1,EURUSD,15m,London,NO TRADE,0.0,,,,,0.0,0.0,0.0,Signal is NO TRADE,,,,0.0,0.0,
2026-06-23T11:57:18+00:00,2,GBPUSD,15m,London,NO TRADE,0.0,,,,,0.0,0.0,0.0,Signal is NO TRADE,,,,0.0,0.0,
2026-06-23T11:57:31+00:00,3,USDJPY,15m,London,NO TRADE,0.0,,,,,0.0,0.0,0.0,Signal is NO TRADE,,,,0.0,0.0,
2026-06-23T11:57:43+00:00,4,AUDUSD,15m,London,NO TRADE,0.0,,,,,0.0,0.0,0.0,Signal is NO TRADE,,,,0.0,0.0,
2026-06-23T11:57:59+00:00,5,USDCAD,15m,London,NO TRADE,28.0,,-0.00073,0.00146,,0.0,2.0,0.0,Day76 Sizer: Confidence 28% < 55% minimum → reject,,,,0.0,0.0,
2026-06-23T11:58:18+00:00,6,XAUUSD,15m,London,NO TRADE,0.0,,,,,0.0,0.0,0.0,Signal is NO TRADE,,,,0.0,0.0,
2026-06-23T11:58:41+00:00,7,USDCHF,15m,London,NO TRADE,28.0,,-0.00075,0.0015,,0.0,2.0,0.0,Day76 Sizer: Confidence 28% < 55% minimum → reject,,,,0.0,0.0,
2026-06-23T11:59:02+00:00,8,NZDUSD,15m,London,NO TRADE,0.0,,,,,0.0,0.0,0.0,Signal is NO TRADE,,,,0.0,0.0,
2026-06-23T11:59:22+00:00,9,EURGBP,15m,London,NO TRADE,0.0,,,,,0.0,0.0,0.0,Signal is NO TRADE,,,,0.0,0.0,
2026-06-23T11:59:45+00:00,10,EURJPY,15m,London,NO TRADE,0.0,,,,,0.0,0.0,0.0,Signal is NO TRADE,,,,0.0,0.0,
2026-06-23T12:00:06+00:00,11,EURCHF,15m,London,NO TRADE,0.0,,,,,0.0,0.0,0.0,Signal is NO TRADE,,,,0.0,0.0,
2026-06-23T12:00:26+00:00,12,EURAUD,15m,London/New York,NO TRADE,0.0,,,,,0.0,0.0,0.0,Signal is NO TRADE,,,,0.0,0.0,
2026-06-23T12:00:48+00:00,13,EURUSD,15m,London/New York,NO TRADE,0.0,,,,,0.0,0.0,0.0,Signal is NO TRADE,,,,0.0,0.0,
2026-06-23T12:01:09+00:00,14,GBPUSD,15m,London/New York,NO TRADE,0.0,,,,,0.0,0.0,0.0,Signal is NO TRADE,,,,0.0,0.0,
2026-06-23T12:01:31+00:00,15,USDJPY,15m,London/New York,NO TRADE,34.0,,-0.10271,0.20542,,0.0,2.0,0.0,Day76 Sizer: Confidence 34% < 55% minimum → reject,,,,0.0,0.0,
2026-06-23T12:02:04+00:00,16,AUDUSD,15m,London/New York,NO TRADE,0.0,,,,,0.0,0.0,0.0,Signal is NO TRADE,,,,0.0,0.0,
2026-06-23T12:02:27+00:00,17,USDCAD,15m,London/New York,NO TRADE,28.0,,-0.00072,0.00144,,0.0,2.0,0.0,Day76 Sizer: Confidence 28% < 55% minimum → reject,,,,0.0,0.0,
2026-06-23T12:04:02+00:00,1,EURUSD,15m,London/New York,NO TRADE,0.0,,,,,0.0,0.0,0.0,Signal is NO TRADE,,,,0.0,0.0,
2026-06-23T12:04:16+00:00,2,GBPUSD,15m,London/New York,NO TRADE,0.0,,,,,0.0,0.0,0.0,Signal is NO TRADE,,,,0.0,0.0,
2026-06-23T12:04:50+00:00,3,EURUSD,15m,London/New York,NO TRADE,0.0,,,,,0.0,0.0,0.0,Signal is NO TRADE,,,,0.0,0.0,
2026-06-23T12:05:06+00:00,4,GBPUSD,15m,London/New York,NO TRADE,0.0,,,,,0.0,0.0,0.0,Signal is NO TRADE,,,,0.0,0.0,
2026-06-23T12:05:13+00:00,5,USDJPY,15m,London/New York,NO TRADE,0.0,,0.10635,-0.2127,,0.0,2.0,0.0,Day76 Sizer: Confidence 0% < 35% minimum → reject,,,,0.0,0.0,
2026-06-23T12:05:20+00:00,6,AUDUSD,15m,London/New York,NO TRADE,34.0,,0.00085,-0.0017,,0.0,2.0,0.0,Day76 Sizer: Confidence 34% < 35% minimum → reject,,,,0.0,0.0,
2026-06-23T12:05:27+00:00,7,USDCAD,15m,London/New York,NO TRADE,28.0,,-0.00072,0.00144,,0.0,2.0,0.0,Day76 Sizer: Confidence 28% < 35% minimum → reject,,,,0.0,0.0,
2026-06-23T12:05:30+00:00,8,XAUUSD,15m,London/New York,NO TRADE,0.0,,,,,0.0,0.0,0.0,Signal is NO TRADE,,,,0.0,0.0,
2026-06-23T12:05:40+00:00,9,USDCHF,15m,London/New York,NO TRADE,28.0,,-0.00077,0.00154,,0.0,2.0,0.0,Day76 Sizer: Confidence 28% < 35% minimum → reject,,,,0.0,0.0,
2026-06-23T12:05:47+00:00,10,NZDUSD,15m,London/New York,NO TRADE,34.0,,0.00072,-0.00144,,0.0,2.0,0.0,Day76 Sizer: Confidence 34% < 35% minimum → reject,,,,0.0,0.0,
2026-06-23T12:05:53+00:00,11,EURGBP,15m,London/New York,NO TRADE,34.0,,0.00047,-0.00094,,0.0,2.0,0.0,Day76 Sizer: Confidence 34% < 35% minimum → reject,,,,0.0,0.0,
2026-06-23T12:05:59+00:00,12,EURJPY,15m,London/New York,NO TRADE,34.0,,0.15579,-0.31158,,0.0,2.0,0.0,Day76 Sizer: Confidence 34% < 35% minimum → reject,,,,0.0,0.0,
2026-06-23T12:06:05+00:00,13,EURCHF,15m,London/New York,NO TRADE,0.0,,,,,0.0,0.0,0.0,Signal is NO TRADE,,,,0.0,0.0,
2026-06-23T12:06:15+00:00,14,EURAUD,15m,London/New York,NO TRADE,34.0,,-0.00135,0.0027,,0.0,2.0,0.0,Day76 Sizer: Confidence 34% < 35% minimum → reject,,,,0.0,0.0,
2026-06-23T12:06:21+00:00,15,EURUSD,15m,London/New York,NO TRADE,34.0,,0.00099,-0.00198,,0.0,2.0,0.0,Day76 Sizer: Confidence 34% < 35% minimum → reject,,,,0.0,0.0,
2026-06-23T12:06:26+00:00,16,GBPUSD,15m,London/New York,NO TRADE,0.0,,,,,0.0,0.0,0.0,Signal is NO TRADE,,,,0.0,0.0,
2026-06-23T12:06:32+00:00,17,USDJPY,15m,London/New York,NO TRADE,0.0,,0.10635,-0.2127,,0.0,2.0,0.0,Day76 Sizer: Confidence 0% < 35% minimum → reject,,,,0.0,0.0,
2026-06-23T12:06:38+00:00,18,AUDUSD,15m,London/New York,NO TRADE,34.0,,0.00085,-0.0017,,0.0,2.0,0.0,Day76 Sizer: Confidence 34% < 35% minimum → reject,,,,0.0,0.0,
2026-06-23T12:06:49+00:00,19,USDCAD,15m,London/New York,NO TRADE,28.0,,-0.00073,0.00146,,0.0,2.0,0.0,Day76 Sizer: Confidence 28% < 35% minimum → reject,,,,0.0,0.0,
2026-06-23T12:06:53+00:00,20,XAUUSD,15m,London/New York,NO TRADE,0.0,,,,,0.0,0.0,0.0,Signal is NO TRADE,,,,0.0,0.0,
2026-06-23T12:06:59+00:00,21,USDCHF,15m,London/New York,NO TRADE,28.0,,-0.00077,0.00154,,0.0,2.0,0.0,Day76 Sizer: Confidence 28% < 35% minimum → reject,,,,0.0,0.0,
2026-06-23T12:07:07+00:00,22,NZDUSD,15m,London/New York,NO TRADE,34.0,,0.00072,-0.00144,,0.0,2.0,0.0,Day76 Sizer: Confidence 34% < 35% minimum → reject,,,,0.0,0.0,
2026-06-23T12:07:12+00:00,23,EURGBP,15m,London/New York,NO TRADE,34.0,,0.00047,-0.00094,,0.0,2.0,0.0,Day76 Sizer: Confidence 34% < 35% minimum → reject,,,,0.0,0.0,
2026-06-23T12:08:37+00:00,24,EURJPY,15m,London/New York,NO TRADE,34.0,,0.15579,-0.31158,,0.0,2.0,0.0,Day76 Sizer: Confidence 34% < 35% minimum → reject,,,,0.0,0.0,
2026-06-23T12:08:42+00:00,25,EURCHF,15m,London/New York,NO TRADE,0.0,,,,,0.0,0.0,0.0,Signal is NO TRADE,,,,0.0,0.0,
2026-06-23T12:08:52+00:00,26,EURAUD,15m,London/New York,NO TRADE,34.0,,-0.00136,0.00272,,0.0,2.0,0.0,Day76 Sizer: Confidence 34% < 35% minimum → reject,,,,0.0,0.0,
2026-06-23T16:44:12+00:00,1,EURUSD,15m,New York,NO TRADE,0.0,,,,,0.0,0.0,0.0,Signal is NO TRADE,,,,0.0,0.0,
2026-06-23T16:44:34+00:00,2,GBPUSD,15m,New York,NO TRADE,0.0,,,,,0.0,0.0,0.0,Signal is NO TRADE,,,,0.0,0.0,
2026-06-23T16:44:48+00:00,3,USDJPY,15m,New York,NO TRADE,0.0,,,,,0.0,0.0,0.0,Signal is NO TRADE,,,,0.0,0.0,
2026-06-23T16:45:05+00:00,4,AUDUSD,15m,New York,NO TRADE,0.0,,,,,0.0,0.0,0.0,Signal is NO TRADE,,,,0.0,0.0,
2026-06-23T16:45:21+00:00,5,USDCAD,15m,New York,NO TRADE,28.0,,-0.00092,0.00184,,0.0,2.0,0.0,Day76 Sizer: Confidence 28% < 55% minimum → reject,,,,0.0,0.0,
2026-06-23T16:45:33+00:00,6,XAUUSD,15m,New York,NO TRADE,0.0,,,,,0.0,0.0,0.0,Signal is NO TRADE,,,,0.0,0.0,
2026-06-23T16:45:48+00:00,7,USDCHF,15m,New York,NO TRADE,0.0,,,,,0.0,0.0,0.0,Signal is NO TRADE,,,,0.0,0.0,
2026-06-23T16:46:01+00:00,8,NZDUSD,15m,New York,NO TRADE,0.0,,,,,0.0,0.0,0.0,Signal is NO TRADE,,,,0.0,0.0,
2026-06-23T16:46:14+00:00,9,EURGBP,15m,New York,NO TRADE,0.0,,,,,0.0,0.0,0.0,Signal is NO TRADE,,,,0.0,0.0,
2026-06-23T16:46:29+00:00,10,EURJPY,15m,New York,NO TRADE,0.0,,,,,0.0,0.0,0.0,Signal is NO TRADE,,,,0.0,0.0,
2026-06-23T16:46:45+00:00,11,EURCHF,15m,New York,NO TRADE,0.0,,,,,0.0,0.0,0.0,Signal is NO TRADE,,,,0.0,0.0,
2026-06-23T16:46:59+00:00,12,EURAUD,15m,New York,NO TRADE,0.0,,,,,0.0,0.0,0.0,Signal is NO TRADE,,,,0.0,0.0,
2026-06-23T16:47:15+00:00,13,EURUSD,15m,New York,NO TRADE,0.0,,,,,0.0,0.0,0.0,Signal is NO TRADE,,,,0.0,0.0,
2026-06-23T16:47:27+00:00,14,GBPUSD,15m,New York,NO TRADE,0.0,,,,,0.0,0.0,0.0,Signal is NO TRADE,,,,0.0,0.0,
2026-06-23T16:47:41+00:00,15,USDJPY,15m,New York,NO TRADE,0.0,,,,,0.0,0.0,0.0,Signal is NO TRADE,,,,0.0,0.0,
2026-06-23T16:47:55+00:00,16,AUDUSD,15m,New York,NO TRADE,0.0,,,,,0.0,0.0,0.0,Signal is NO TRADE,,,,0.0,0.0,
2026-06-23T16:48:12+00:00,17,USDCAD,15m,New York,NO TRADE,28.0,,-0.00093,0.00186,,0.0,2.0,0.0,Day76 Sizer: Confidence 28% < 55% minimum → reject,,,,0.0,0.0,
2026-06-23T16:48:35+00:00,18,XAUUSD,15m,New York,NO TRADE,0.0,,,,,0.0,0.0,0.0,Signal is NO TRADE,,,,0.0,0.0,
2026-06-23T16:48:54+00:00,19,USDCHF,15m,New York,NO TRADE,0.0,,,,,0.0,0.0,0.0,Signal is NO TRADE,,,,0.0,0.0,
2026-06-23T16:49:05+00:00,20,NZDUSD,15m,New York,NO TRADE,0.0,,,,,0.0,0.0,0.0,Signal is NO TRADE,,,,0.0,0.0,
2026-06-23T16:49:18+00:00,21,EURGBP,15m,New York,NO TRADE,0.0,,,,,0.0,0.0,0.0,Signal is NO TRADE,,,,0.0,0.0,
2026-06-23T16:49:32+00:00,22,EURJPY,15m,New York,NO TRADE,0.0,,,,,0.0,0.0,0.0,Signal is NO TRADE,,,,0.0,0.0,
2026-06-23T16:49:50+00:00,23,EURCHF,15m,New York,NO TRADE,0.0,,,,,0.0,0.0,0.0,Signal is NO TRADE,,,,0.0,0.0,
2026-06-23T16:50:15+00:00,24,EURAUD,15m,New York,NO TRADE,0.0,,,,,0.0,0.0,0.0,Signal is NO TRADE,,,,0.0,0.0,
2026-06-23T16:50:33+00:00,25,EURUSD,15m,New York,NO TRADE,0.0,,,,,0.0,0.0,0.0,Signal is NO TRADE,,,,0.0,0.0,
2026-06-23T16:50:52+00:00,26,GBPUSD,15m,New York,NO TRADE,0.0,,,,,0.0,0.0,0.0,Signal is NO TRADE,,,,0.0,0.0,
2026-06-23T16:51:34+00:00,27,EURUSD,15m,New York,NO TRADE,0.0,,,,,0.0,0.0,0.0,Signal is NO TRADE,,,,0.0,0.0,
2026-06-23T16:51:52+00:00,28,GBPUSD,15m,New York,NO TRADE,0.0,,,,,0.0,0.0,0.0,Signal is NO TRADE,,,,0.0,0.0,
2026-06-23T16:52:04+00:00,29,USDJPY,15m,New York,NO TRADE,0.0,,,,,0.0,0.0,0.0,Signal is NO TRADE,,,,0.0,0.0,
2026-06-23T16:52:23+00:00,30,AUDUSD,15m,New York,NO TRADE,0.0,,,,,0.0,0.0,0.0,Signal is NO TRADE,,,,0.0,0.0,
2026-06-23T16:52:40+00:00,31,USDCAD,15m,New York,NO TRADE,28.0,,-0.00095,0.0019,,0.0,2.0,0.0,Day76 Sizer: Confidence 28% < 55% minimum → reject,,,,0.0,0.0,
2026-06-23T16:52:54+00:00,32,XAUUSD,15m,New York,NO TRADE,0.0,,,,,0.0,0.0,0.0,Signal is NO TRADE,,,,0.0,0.0,
2026-06-23T16:53:15+00:00,33,USDCHF,15m,New York,NO TRADE,0.0,,,,,0.0,0.0,0.0,Signal is NO TRADE,,,,0.0,0.0,
2026-06-23T16:53:35+00:00,34,NZDUSD,15m,New York,NO TRADE,0.0,,,,,0.0,0.0,0.0,Signal is NO TRADE,,,,0.0,0.0,
2026-06-23T16:54:03+00:00,35,EURGBP,15m,New York,NO TRADE,0.0,,,,,0.0,0.0,0.0,Signal is NO TRADE,,,,0.0,0.0,
2026-06-23T16:54:18+00:00,36,EURJPY,15m,New York,NO TRADE,0.0,,,,,0.0,0.0,0.0,Signal is NO TRADE,,,,0.0,0.0,
2026-06-23T16:54:35+00:00,37,EURCHF,15m,New York,NO TRADE,0.0,,,,,0.0,0.0,0.0,Signal is NO TRADE,,,,0.0,0.0,
2026-06-23T16:54:56+00:00,38,EURAUD,15m,New York,NO TRADE,0.0,,,,,0.0,0.0,0.0,Signal is NO TRADE,,,,0.0,0.0,
2026-06-23T16:55:12+00:00,39,EURUSD,15m,New York,NO TRADE,0.0,,,,,0.0,0.0,0.0,Signal is NO TRADE,,,,0.0,0.0,
2026-06-23T17:00:08+00:00,1,EURUSD,15m,New York,NO TRADE,0.0,,,,,0.0,0.0,0.0,Signal is NO TRADE,,,,0.0,0.0,
2026-06-23T17:00:32+00:00,2,GBPUSD,15m,New York,NO TRADE,0.0,,,,,0.0,0.0,0.0,Signal is NO TRADE,,,,0.0,0.0,
2026-06-23T17:00:51+00:00,3,USDJPY,15m,New York,NO TRADE,28.0,,-0.08159,0.16318,,0.0,2.0,0.0,Day76 Sizer: Confidence 28% < 55% minimum → reject,,,,0.0,0.0,
2026-06-23T17:01:09+00:00,4,AUDUSD,15m,New York,NO TRADE,0.0,,,,,0.0,0.0,0.0,Signal is NO TRADE,,,,0.0,0.0,
2026-06-23T17:01:31+00:00,5,USDCAD,15m,New York,NO TRADE,28.0,,-0.00092,0.00184,,0.0,2.0,0.0,Day76 Sizer: Confidence 28% < 55% minimum → reject,,,,0.0,0.0,
2026-06-23T17:01:44+00:00,6,XAUUSD,15m,New York,NO TRADE,0.0,,,,,0.0,0.0,0.0,Signal is NO TRADE,,,,0.0,0.0,
2026-06-23T17:01:58+00:00,7,USDCHF,15m,New York,NO TRADE,0.0,,,,,0.0,0.0,0.0,Signal is NO TRADE,,,,0.0,0.0,
2026-06-23T17:02:17+00:00,8,NZDUSD,15m,New York,NO TRADE,0.0,,,,,0.0,0.0,0.0,Signal is NO TRADE,,,,0.0,0.0,
2026-06-23T17:30:47+00:00,1,EURUSD,15m,New York,NO TRADE,0.0,,,,,0.0,0.0,0.0,Signal is NO TRADE,,,,0.0,0.0,
2026-06-23T17:31:10+00:00,2,GBPUSD,15m,New York,NO TRADE,0.0,,,,,0.0,0.0,0.0,Signal is NO TRADE,,,,0.0,0.0,
2026-06-23T17:31:29+00:00,3,USDJPY,15m,New York,NO TRADE,28.0,,-0.07476,0.14952,,0.0,2.0,0.0,Day76 Sizer: Confidence 28% < 55% minimum → reject,,,,0.0,0.0,
2026-06-23T17:31:48+00:00,4,AUDUSD,15m,New York,NO TRADE,0.0,,,,,0.0,0.0,0.0,Signal is NO TRADE,,,,0.0,0.0,
2026-06-23T17:32:06+00:00,5,USDCAD,15m,New York,NO TRADE,28.0,,-0.00089,0.00178,,0.0,2.0,0.0,Day76 Sizer: Confidence 28% < 55% minimum → reject,,,,0.0,0.0,
2026-06-23T17:32:23+00:00,6,XAUUSD,15m,New York,NO TRADE,0.0,,,,,0.0,0.0,0.0,Signal is NO TRADE,,,,0.0,0.0,
2026-06-23T17:32:46+00:00,7,USDCHF,15m,New York,NO TRADE,0.0,,,,,0.0,0.0,0.0,Signal is NO TRADE,,,,0.0,0.0,
2026-06-23T17:38:56+00:00,1,EURUSD,15m,New York,NO TRADE,0.0,,,,,0.0,0.0,0.0,Signal is NO TRADE,,,,0.0,0.0,
2026-06-23T17:39:10+00:00,2,GBPUSD,15m,New York,NO TRADE,0.0,,,,,0.0,0.0,0.0,Signal is NO TRADE,,,,0.0,0.0,
2026-06-23T17:39:24+00:00,3,USDJPY,15m,New York,NO TRADE,28.0,,-0.07797,0.15594,,0.0,2.0,0.0,Day76 Sizer: Confidence 28% < 55% minimum → reject,,,,0.0,0.0,
2026-06-23T17:39:39+00:00,4,AUDUSD,15m,New York,NO TRADE,0.0,,,,,0.0,0.0,0.0,Signal is NO TRADE,,,,0.0,0.0,
2026-06-23T17:39:57+00:00,5,USDCAD,15m,New York,NO TRADE,28.0,,-0.00092,0.00184,,0.0,2.0,0.0,Day76 Sizer: Confidence 28% < 55% minimum → reject,,,,0.0,0.0,
2026-06-23T17:40:06+00:00,6,XAUUSD,15m,New York,NO TRADE,0.0,,,,,0.0,0.0,0.0,Signal is NO TRADE,,,,0.0,0.0,
2026-06-23T17:40:20+00:00,7,USDCHF,15m,New York,NO TRADE,0.0,,,,,0.0,0.0,0.0,Signal is NO TRADE,,,,0.0,0.0,
2026-06-23T17:40:36+00:00,8,NZDUSD,15m,New York,NO TRADE,0.0,,,,,0.0,0.0,0.0,Signal is NO TRADE,,,,0.0,0.0,
2026-06-23T17:45:41+00:00,1,EURUSD,15m,New York,NO TRADE,0.0,,,,,0.0,0.0,0.0,Signal is NO TRADE,,,,0.0,0.0,
2026-06-23T17:46:00+00:00,2,GBPUSD,15m,New York,NO TRADE,0.0,,,,,0.0,0.0,0.0,Signal is NO TRADE,,,,0.0,0.0,
2026-06-23T17:47:54+00:00,1,EURUSD,15m,New York,NO TRADE,0.0,,,,,0.0,0.0,0.0,Signal is NO TRADE,,,,0.0,0.0,
2026-06-23T17:48:10+00:00,2,GBPUSD,15m,New York,NO TRADE,0.0,,,,,0.0,0.0,0.0,Signal is NO TRADE,,,,0.0,0.0,
2026-06-23T17:48:24+00:00,3,USDJPY,15m,New York,NO TRADE,0.0,,,,,0.0,0.0,0.0,Signal is NO TRADE,,,,0.0,0.0,
2026-06-23T17:48:39+00:00,4,AUDUSD,15m,New York,NO TRADE,0.0,,,,,0.0,0.0,0.0,Signal is NO TRADE,,,,0.0,0.0,
2026-06-23T17:49:00+00:00,5,USDCAD,15m,New York,NO TRADE,0.0,,,,,0.0,0.0,0.0,Signal is NO TRADE,,,,0.0,0.0,
2026-06-23T17:49:11+00:00,6,XAUUSD,15m,New York,NO TRADE,0.0,,,,,0.0,0.0,0.0,Signal is NO TRADE,,,,0.0,0.0,
2026-06-23T17:49:24+00:00,7,USDCHF,15m,New York,NO TRADE,0.0,,,,,0.0,0.0,0.0,Signal is NO TRADE,,,,0.0,0.0,
2026-06-23T17:49:36+00:00,8,NZDUSD,15m,New York,NO TRADE,0.0,,,,,0.0,0.0,0.0,Signal is NO TRADE,,,,0.0,0.0,
2026-06-23T17:49:56+00:00,9,EURGBP,15m,New York,NO TRADE,0.0,,,,,0.0,0.0,0.0,Signal is NO TRADE,,,,0.0,0.0,
2026-06-23T17:50:10+00:00,10,EURJPY,15m,New York,NO TRADE,0.0,,,,,0.0,0.0,0.0,Signal is NO TRADE,,,,0.0,0.0,
2026-06-23T17:50:26+00:00,11,EURCHF,15m,New York,NO TRADE,0.0,,,,,0.0,0.0,0.0,Signal is NO TRADE,,,,0.0,0.0,
2026-06-23T17:50:39+00:00,12,EURAUD,15m,New York,NO TRADE,0.0,,,,,0.0,0.0,0.0,Signal is NO TRADE,,,,0.0,0.0,
2026-06-23T17:50:51+00:00,13,EURUSD,15m,New York,NO TRADE,0.0,,,,,0.0,0.0,0.0,Signal is NO TRADE,,,,0.0,0.0,
2026-06-23T17:51:04+00:00,14,GBPUSD,15m,New York,NO TRADE,0.0,,,,,0.0,0.0,0.0,Signal is NO TRADE,,,,0.0,0.0,
2026-06-24T01:15:59+00:00,1,EURUSD,15m,Sydney/Tokyo,NO TRADE,0.0,,,,,0.0,0.0,0.0,Signal is NO TRADE,,,,0.0,0.0,
2026-06-24T01:17:29+00:00,2,EURUSD,15m,Sydney/Tokyo,NO TRADE,0.0,,,,,0.0,0.0,0.0,Signal is NO TRADE,,,,0.0,0.0,
2026-06-24T01:31:11+00:00,1,EURUSD,15m,Sydney/Tokyo,NO TRADE,0.0,,,,,0.0,0.0,0.0,Signal is NO TRADE,,,,0.0,0.0,
2026-06-24T01:31:13+00:00,2,GBPUSD,15m,Sydney/Tokyo,NO TRADE,0.0,,,,,0.0,0.0,0.0,Signal is NO TRADE,,,,0.0,0.0,
2026-06-24T01:31:15+00:00,3,USDJPY,15m,Sydney/Tokyo,NO TRADE,0.0,,,,,0.0,0.0,0.0,Signal is NO TRADE,,,,0.0,0.0,
2026-06-24T01:41:28+00:00,1,EURUSD,15m,Sydney/Tokyo,NO TRADE,0.0,,,,,0.0,0.0,0.0,Signal is NO TRADE,,,,0.0,0.0,
2026-06-24T01:41:32+00:00,2,GBPUSD,15m,Sydney/Tokyo,NO TRADE,0.0,,,,,0.0,0.0,0.0,Signal is NO TRADE,,,,0.0,0.0,
2026-06-24T01:41:36+00:00,3,XAUUSD,15m,Sydney/Tokyo,NO TRADE,0.0,,,,,0.0,0.0,0.0,Signal is NO TRADE,,,,0.0,0.0,
2026-06-24T01:52:48+00:00,1,EURUSD,15m,Sydney/Tokyo,NO TRADE,0.0,,,,,0.0,0.0,0.0,Signal is NO TRADE,,,,0.0,0.0,
2026-06-24T01:53:07+00:00,2,GBPUSD,15m,Sydney/Tokyo,NO TRADE,0.0,,,,,0.0,0.0,0.0,Signal is NO TRADE,,,,0.0,0.0,
2026-06-24T01:53:25+00:00,3,XAUUSD,15m,Sydney/Tokyo,NO TRADE,0.0,,,,,0.0,0.0,0.0,Signal is NO TRADE,,,,0.0,0.0,
2026-06-24T02:02:47+00:00,1,EURUSD,15m,Sydney/Tokyo,NO TRADE,0.0,,,,,0.0,0.0,0.0,Signal is NO TRADE,,,,0.0,0.0,
2026-06-24T02:03:22+00:00,2,XAUUSD,15m,Sydney/Tokyo,NO TRADE,0.0,,,,,0.0,0.0,0.0,Signal is NO TRADE,,,,0.0,0.0,
2026-06-24T02:17:17+00:00,1,GBPUSD,15m,Sydney/Tokyo,NO TRADE,0.0,,,,,0.0,0.0,0.0,Signal is NO TRADE,,,,0.0,0.0,
2026-06-24T02:17:31+00:00,2,XAUUSD,15m,Sydney/Tokyo,NO TRADE,0.0,,,,,0.0,0.0,0.0,Signal is NO TRADE,,,,0.0,0.0,
2026-06-24T02:22:14+00:00,1,EURUSD,15m,Sydney/Tokyo,NO TRADE,0.0,,,,,0.0,0.0,0.0,Signal is NO TRADE,,,,0.0,0.0,
2026-06-24T02:22:30+00:00,2,GBPUSD,15m,Sydney/Tokyo,NO TRADE,0.0,,,,,0.0,0.0,0.0,Signal is NO TRADE,,,,0.0,0.0,
2026-06-24T02:31:54+00:00,1,EURUSD,15m,Sydney/Tokyo,NO TRADE,0.0,,,,,0.0,0.0,0.0,Signal is NO TRADE,,,,0.0,0.0,
2026-06-24T02:32:11+00:00,2,GBPUSD,15m,Sydney/Tokyo,NO TRADE,0.0,,,,,0.0,0.0,0.0,Signal is NO TRADE,,,,0.0,0.0,
2026-06-24T02:32:31+00:00,3,USDJPY,15m,Sydney/Tokyo,NO TRADE,0.0,,,,,0.0,0.0,0.0,Signal is NO TRADE,,,,0.0,0.0,
2026-06-24T02:32:54+00:00,4,AUDUSD,15m,Sydney/Tokyo,NO TRADE,0.0,,,,,0.0,0.0,0.0,Signal is NO TRADE,,,,0.0,0.0,
2026-06-24T02:33:12+00:00,5,USDCAD,15m,Sydney/Tokyo,NO TRADE,0.0,,,,,0.0,0.0,0.0,Signal is NO TRADE,,,,0.0,0.0,
2026-06-24T02:33:30+00:00,6,XAUUSD,15m,Sydney/Tokyo,NO TRADE,0.0,,,,,0.0,0.0,0.0,Signal is NO TRADE,,,,0.0,0.0,
2026-06-24T02:33:47+00:00,7,USDCHF,15m,Sydney/Tokyo,NO TRADE,0.0,,,,,0.0,0.0,0.0,Signal is NO TRADE,,,,0.0,0.0,
2026-06-24T02:34:03+00:00,8,NZDUSD,15m,Sydney/Tokyo,NO TRADE,0.0,,,,,0.0,0.0,0.0,Signal is NO TRADE,,,,0.0,0.0,
2026-06-24T02:34:17+00:00,9,EURGBP,15m,Sydney/Tokyo,NO TRADE,0.0,,,,,0.0,0.0,0.0,Signal is NO TRADE,,,,0.0,0.0,
2026-06-24T02:34:37+00:00,10,EURJPY,15m,Sydney/Tokyo,NO TRADE,0.0,,,,,0.0,0.0,0.0,Signal is NO TRADE,,,,0.0,0.0,
2026-06-24T02:34:53+00:00,11,EURCHF,15m,Sydney/Tokyo,NO TRADE,0.0,,,,,0.0,0.0,0.0,Signal is NO TRADE,,,,0.0,0.0,
2026-06-24T02:35:16+00:00,12,EURAUD,15m,Sydney/Tokyo,NO TRADE,0.0,,,,,0.0,0.0,0.0,Signal is NO TRADE,,,,0.0,0.0,
2026-06-24T02:35:37+00:00,13,EURUSD,15m,Sydney/Tokyo,NO TRADE,0.0,,,,,0.0,0.0,0.0,Signal is NO TRADE,,,,0.0,0.0,
2026-06-24T02:35:57+00:00,14,GBPUSD,15m,Sydney/Tokyo,NO TRADE,0.0,,,,,0.0,0.0,0.0,Signal is NO TRADE,,,,0.0,0.0,
2026-06-24T04:49:52+00:00,1,EURUSD,15m,Sydney/Tokyo,NO TRADE,0.0,,,,,0.0,0.0,0.0,Signal is NO TRADE — no trade,,,,0.0,0.0,
2026-06-24T04:50:09+00:00,2,GBPUSD,15m,Sydney/Tokyo,NO TRADE,0.0,,,,,0.0,0.0,0.0,Signal is NO TRADE — no trade,,,,0.0,0.0,
2026-06-24T04:50:28+00:00,3,USDJPY,15m,Sydney/Tokyo,NO TRADE,0.0,,,,,0.0,0.0,0.0,Signal is NO TRADE — no trade,,,,0.0,0.0,
2026-06-24T04:50:48+00:00,4,AUDUSD,15m,Sydney/Tokyo,NO TRADE,0.0,,,,,0.0,0.0,0.0,Signal is NO TRADE — no trade,,,,0.0,0.0,
2026-06-24T04:51:06+00:00,5,USDCAD,15m,Sydney/Tokyo,NO TRADE,0.0,,,,,0.0,0.0,0.0,Signal is NO TRADE — no trade,,,,0.0,0.0,
2026-06-24T04:51:19+00:00,6,XAUUSD,15m,Sydney/Tokyo,NO TRADE,0.0,,,,,0.0,0.0,0.0,Signal is NO TRADE — no trade,,,,0.0,0.0,
2026-06-24T04:51:36+00:00,7,USDCHF,15m,Sydney/Tokyo,NO TRADE,0.0,,,,,0.0,0.0,0.0,Signal is NO TRADE — no trade,,,,0.0,0.0,
2026-06-24T04:52:24+00:00,8,NZDUSD,15m,Sydney/Tokyo,NO TRADE,0.0,,,,,0.0,0.0,0.0,Signal is NO TRADE — no trade,,,,0.0,0.0,
2026-06-24T04:52:37+00:00,9,EURGBP,15m,Sydney/Tokyo,NO TRADE,0.0,,,,,0.0,0.0,0.0,Signal is NO TRADE — no trade,,,,0.0,0.0,
2026-06-24T04:52:54+00:00,10,EURJPY,15m,Sydney/Tokyo,NO TRADE,0.0,,,,,0.0,0.0,0.0,Signal is NO TRADE — no trade,,,,0.0,0.0,
2026-06-24T04:53:09+00:00,11,EURCHF,15m,Sydney/Tokyo,NO TRADE,0.0,,,,,0.0,0.0,0.0,Signal is NO TRADE — no trade,,,,0.0,0.0,
2026-06-24T04:53:26+00:00,12,EURAUD,15m,Sydney/Tokyo,NO TRADE,0.0,,,,,0.0,0.0,0.0,Signal is NO TRADE — no trade,,,,0.0,0.0,
2026-06-24T04:53:41+00:00,13,EURUSD,15m,Sydney/Tokyo,NO TRADE,0.0,,,,,0.0,0.0,0.0,Signal is NO TRADE — no trade,,,,0.0,0.0,
2026-06-24T04:54:02+00:00,14,GBPUSD,15m,Sydney/Tokyo,NO TRADE,0.0,,,,,0.0,0.0,0.0,Signal is NO TRADE — no trade,,,,0.0,0.0,
2026-06-24T04:55:08+00:00,15,USDJPY,15m,Sydney/Tokyo,NO TRADE,0.0,,,,,0.0,0.0,0.0,Signal is NO TRADE — no trade,,,,0.0,0.0,
2026-06-24T04:55:28+00:00,16,AUDUSD,15m,Sydney/Tokyo,NO TRADE,0.0,,,,,0.0,0.0,0.0,Signal is NO TRADE — no trade,,,,0.0,0.0,
2026-06-24T04:55:44+00:00,17,USDCAD,15m,Sydney/Tokyo,NO TRADE,0.0,,,,,0.0,0.0,0.0,Signal is NO TRADE — no trade,,,,0.0,0.0,
2026-06-24T04:55:57+00:00,18,XAUUSD,15m,Sydney/Tokyo,NO TRADE,0.0,,,,,0.0,0.0,0.0,Signal is NO TRADE — no trade,,,,0.0,0.0,
2026-06-24T04:56:15+00:00,19,USDCHF,15m,Sydney/Tokyo,NO TRADE,0.0,,,,,0.0,0.0,0.0,Signal is NO TRADE — no trade,,,,0.0,0.0,
2026-06-24T04:56:33+00:00,20,NZDUSD,15m,Sydney/Tokyo,NO TRADE,0.0,,,,,0.0,0.0,0.0,Signal is NO TRADE — no trade,,,,0.0,0.0,
2026-06-24T04:56:44+00:00,21,EURGBP,15m,Sydney/Tokyo,NO TRADE,0.0,,,,,0.0,0.0,0.0,Signal is NO TRADE — no trade,,,,0.0,0.0,
2026-06-24T04:57:01+00:00,22,EURJPY,15m,Sydney/Tokyo,NO TRADE,0.0,,,,,0.0,0.0,0.0,Signal is NO TRADE — no trade,,,,0.0,0.0,
2026-06-24T04:57:14+00:00,23,EURCHF,15m,Sydney/Tokyo,NO TRADE,0.0,,,,,0.0,0.0,0.0,Signal is NO TRADE — no trade,,,,0.0,0.0,
2026-06-24T04:57:28+00:00,24,EURAUD,15m,Sydney/Tokyo,NO TRADE,0.0,,,,,0.0,0.0,0.0,Signal is NO TRADE — no trade,,,,0.0,0.0,
2026-06-24T04:57:39+00:00,25,EURUSD,15m,Sydney/Tokyo,NO TRADE,0.0,,,,,0.0,0.0,0.0,Signal is NO TRADE — no trade,,,,0.0,0.0,
2026-06-24T04:57:53+00:00,26,GBPUSD,15m,Sydney/Tokyo,NO TRADE,0.0,,,,,0.0,0.0,0.0,Signal is NO TRADE — no trade,,,,0.0,0.0,
2026-06-24T04:58:05+00:00,27,USDJPY,15m,Sydney/Tokyo,NO TRADE,0.0,,,,,0.0,0.0,0.0,Signal is NO TRADE — no trade,,,,0.0,0.0,
2026-06-24T04:58:17+00:00,28,AUDUSD,15m,Sydney/Tokyo,NO TRADE,0.0,,,,,0.0,0.0,0.0,Signal is NO TRADE — no trade,,,,0.0,0.0,
2026-06-24T04:58:33+00:00,29,USDCAD,15m,Sydney/Tokyo,NO TRADE,0.0,,,,,0.0,0.0,0.0,Signal is NO TRADE — no trade,,,,0.0,0.0,
2026-06-24T04:58:54+00:00,30,XAUUSD,15m,Sydney/Tokyo,NO TRADE,0.0,,,,,0.0,0.0,0.0,Signal is NO TRADE — no trade,,,,0.0,0.0,
2026-06-24T04:59:16+00:00,31,USDCHF,15m,Sydney/Tokyo,NO TRADE,0.0,,,,,0.0,0.0,0.0,Signal is NO TRADE — no trade,,,,0.0,0.0,
2026-06-24T04:59:43+00:00,32,NZDUSD,15m,Sydney/Tokyo,NO TRADE,0.0,,,,,0.0,0.0,0.0,Signal is NO TRADE — no trade,,,,0.0,0.0,
2026-06-24T04:59:57+00:00,33,EURGBP,15m,Sydney/Tokyo,NO TRADE,0.0,,,,,0.0,0.0,0.0,Signal is NO TRADE — no trade,,,,0.0,0.0,
2026-06-24T05:00:21+00:00,34,EURJPY,15m,Sydney/Tokyo,NO TRADE,0.0,,,,,0.0,0.0,0.0,Signal is NO TRADE — no trade,,,,0.0,0.0,
2026-06-24T05:00:40+00:00,35,EURCHF,15m,Sydney/Tokyo,NO TRADE,0.0,,,,,0.0,0.0,0.0,Signal is NO TRADE — no trade,,,,0.0,0.0,
2026-06-24T05:01:45+00:00,36,EURAUD,15m,Sydney/Tokyo,NO TRADE,0.0,,,,,0.0,0.0,0.0,Signal is NO TRADE — no trade,,,,0.0,0.0,
2026-06-24T05:02:00+00:00,37,EURUSD,15m,Sydney/Tokyo,NO TRADE,0.0,,,,,0.0,0.0,0.0,Signal is NO TRADE — no trade,,,,0.0,0.0,
2026-06-24T05:02:14+00:00,38,GBPUSD,15m,Sydney/Tokyo,NO TRADE,0.0,,,,,0.0,0.0,0.0,Signal is NO TRADE — no trade,,,,0.0,0.0,
2026-06-24T05:02:25+00:00,39,USDJPY,15m,Sydney/Tokyo,NO TRADE,0.0,,,,,0.0,0.0,0.0,Signal is NO TRADE — no trade,,,,0.0,0.0,
2026-06-24T05:02:41+00:00,40,AUDUSD,15m,Sydney/Tokyo,NO TRADE,0.0,,,,,0.0,0.0,0.0,Signal is NO TRADE — no trade,,,,0.0,0.0,
2026-06-24T08:37:01+00:00,1,EURUSD,15m,Tokyo/London,NO TRADE,0.0,,,,,0.0,0.0,0.0,Signal is NO TRADE — no trade,,,,0.0,0.0,
2026-06-24T08:37:14+00:00,2,GBPUSD,15m,Tokyo/London,NO TRADE,0.0,,,,,0.0,0.0,0.0,Signal is NO TRADE — no trade,,,,0.0,0.0,
2026-06-25T17:47:00+00:00,1,EURUSD,15m,New York,NO TRADE,0.0,1.13728,,,,0.0,0.0,0.0,Signal is WAIT — no trade,,,,0.0,0.0,
2026-06-25T17:54:02+00:00,1,EURUSD,15m,New York,BUY,65.0,1.13762,1.13649,1.13988,,0.16,2.0,17.6,,,,,0.0,0.0,
2026-06-25T18:02:00+00:00,1,EURUSD,15m,New York,SELL,95.0,1.13736,1.13842,1.13524,,0.2,2.0,22.0,,,,,0.0,0.0,
2026-06-25T18:17:01+00:00,1,EURUSD,15m,New York,BUY,89.0,1.13791,1.13681,1.14011,,0.2,2.0,22.0,,,,,0.0,0.0,
2026-06-25T18:22:42+00:00,1,EURUSD,15m,New York,NO TRADE,86.0,1.13787,,,,0.0,0.0,0.0,Correlation conflict with {'EURUSD'},,,,0.0,0.0,
2026-06-25T18:29:27+00:00,2,GBPUSD,15m,New York,NO TRADE,50.0,1.3204,,,,0.0,0.0,0.0,Correlation conflict with {'EURUSD'},,,,0.0,0.0,
2026-06-25T18:34:36+00:00,3,USDJPY,15m,New York,BUY,95.0,161.766,161.6778,161.9424,,0.2,2.0,11.7,,,,,0.0,0.0,
